model,fold,endpoint,seconds,n_train,n_test
endpoint_mean,0,CYP1A2_pIC50_direct_inhibition,0.0014062309996916156,1369,43
endpoint_median,0,CYP1A2_pIC50_direct_inhibition,0.0009443149997423461,1369,43
ecfp4_knn,0,CYP1A2_pIC50_direct_inhibition,0.010172377999879245,1369,43
ecfp4_random_forest,0,CYP1A2_pIC50_direct_inhibition,0.7735114540000723,1369,43
ecfp4_lightgbm,0,CYP1A2_pIC50_direct_inhibition,0.44363114599991604,1369,43
endpoint_mean,0,CYP2C9_pIC50_direct_inhibition,0.0005083569999442261,1257,28
endpoint_median,0,CYP2C9_pIC50_direct_inhibition,0.00029154900039429776,1257,28
ecfp4_knn,0,CYP2C9_pIC50_direct_inhibition,0.006866780000109429,1257,28
ecfp4_random_forest,0,CYP2C9_pIC50_direct_inhibition,0.720430356000179,1257,28
ecfp4_lightgbm,0,CYP2C9_pIC50_direct_inhibition,0.367884937999861,1257,28
endpoint_mean,0,CYP2D6_pIC50_direct_inhibition,0.0005701210002371226,1455,38
endpoint_median,0,CYP2D6_pIC50_direct_inhibition,0.0002927620002992626,1455,38
ecfp4_knn,0,CYP2D6_pIC50_direct_inhibition,0.009569307999754528,1455,38
ecfp4_random_forest,0,CYP2D6_pIC50_direct_inhibition,0.8139794409999013,1455,38
ecfp4_lightgbm,0,CYP2D6_pIC50_direct_inhibition,0.39769393300002776,1455,38
endpoint_mean,0,CYP3A4_pIC50_direct_inhibition,0.0008995879998110468,2261,74
endpoint_median,0,CYP3A4_pIC50_direct_inhibition,0.0006445630001508107,2261,74
ecfp4_knn,0,CYP3A4_pIC50_direct_inhibition,0.026269185000273865,2261,74
ecfp4_random_forest,0,CYP3A4_pIC50_direct_inhibition,1.107287391999762,2261,74
ecfp4_lightgbm,0,CYP3A4_pIC50_direct_inhibition,0.5848029580001821,2261,74
endpoint_mean,0,CYP3A4_is_TDI,0.003980245000093419,3498,86
endpoint_median,0,CYP3A4_is_TDI,0.0009543000001031032,3498,86
ecfp4_knn,0,CYP3A4_is_TDI,0.06340091299989581,3498,86
ecfp4_random_forest,0,CYP3A4_is_TDI,2.2853631729999506,3498,86
ecfp4_lightgbm,0,CYP3A4_is_TDI,0.6174434290001045,3498,86
endpoint_mean,0,CYP2D6_is_TDI,0.0006544070001837099,1459,38
endpoint_median,0,CYP2D6_is_TDI,0.00029872100003558444,1459,38
ecfp4_knn,0,CYP2D6_is_TDI,0.010316585000055056,1459,38
ecfp4_random_forest,0,CYP2D6_is_TDI,0.9603527069998563,1459,38
ecfp4_lightgbm,0,CYP2D6_is_TDI,0.4389837339999758,1459,38
endpoint_mean,1,CYP1A2_pIC50_direct_inhibition,0.0017020179998326057,1376,36
endpoint_median,1,CYP1A2_pIC50_direct_inhibition,0.00031095899976207875,1376,36
ecfp4_knn,1,CYP1A2_pIC50_direct_inhibition,0.010502236000320408,1376,36
ecfp4_random_forest,1,CYP1A2_pIC50_direct_inhibition,0.7074918869998328,1376,36
ecfp4_lightgbm,1,CYP1A2_pIC50_direct_inhibition,0.6047354550000819,1376,36
endpoint_mean,1,CYP2C9_pIC50_direct_inhibition,0.0005853839998053445,1248,37
endpoint_median,1,CYP2C9_pIC50_direct_inhibition,0.00029640699995070463,1248,37
ecfp4_knn,1,CYP2C9_pIC50_direct_inhibition,0.009027430000060122,1248,37
ecfp4_random_forest,1,CYP2C9_pIC50_direct_inhibition,0.599603863000084,1248,37
ecfp4_lightgbm,1,CYP2C9_pIC50_direct_inhibition,0.41752781900004265,1248,37
endpoint_mean,1,CYP2D6_pIC50_direct_inhibition,0.0006649840001955454,1458,35
endpoint_median,1,CYP2D6_pIC50_direct_inhibition,0.0006393039998329186,1458,35
ecfp4_knn,1,CYP2D6_pIC50_direct_inhibition,0.010627303999626747,1458,35
ecfp4_random_forest,1,CYP2D6_pIC50_direct_inhibition,0.8033038600001419,1458,35
ecfp4_lightgbm,1,CYP2D6_pIC50_direct_inhibition,0.678394758000195,1458,35
endpoint_mean,1,CYP3A4_pIC50_direct_inhibition,0.0009370340003442834,2256,79
endpoint_median,1,CYP3A4_pIC50_direct_inhibition,0.0005086870000923227,2256,79
ecfp4_knn,1,CYP3A4_pIC50_direct_inhibition,0.027777579000030528,2256,79
ecfp4_random_forest,1,CYP3A4_pIC50_direct_inhibition,0.9711335970000619,2256,79
ecfp4_lightgbm,1,CYP3A4_pIC50_direct_inhibition,0.7541566380000404,2256,79
endpoint_mean,1,CYP3A4_is_TDI,0.001235332999840466,3494,90
endpoint_median,1,CYP3A4_is_TDI,0.0008044139999583422,3494,90
ecfp4_knn,1,CYP3A4_is_TDI,0.04968786600011299,3494,90
ecfp4_random_forest,1,CYP3A4_is_TDI,1.9159050600001137,3494,90
ecfp4_lightgbm,1,CYP3A4_is_TDI,1.1249557330002062,3494,90
endpoint_mean,1,CYP2D6_is_TDI,0.0006355489999805286,1462,35
endpoint_median,1,CYP2D6_is_TDI,0.00028515100029835594,1462,35
ecfp4_knn,1,CYP2D6_is_TDI,0.009047330999692349,1462,35
ecfp4_random_forest,1,CYP2D6_is_TDI,0.915158349000194,1462,35
ecfp4_lightgbm,1,CYP2D6_is_TDI,0.6403930870001204,1462,35
endpoint_mean,2,CYP1A2_pIC50_direct_inhibition,0.0005934360001447203,1371,41
endpoint_median,2,CYP1A2_pIC50_direct_inhibition,0.0003260319999753847,1371,41
ecfp4_knn,2,CYP1A2_pIC50_direct_inhibition,0.0096767700001692,1371,41
ecfp4_random_forest,2,CYP1A2_pIC50_direct_inhibition,0.6156342149997727,1371,41
ecfp4_lightgbm,2,CYP1A2_pIC50_direct_inhibition,0.6661660900003881,1371,41
endpoint_mean,2,CYP2C9_pIC50_direct_inhibition,0.0005848619998687354,1257,28
endpoint_median,2,CYP2C9_pIC50_direct_inhibition,0.0003679960000226856,1257,28
ecfp4_knn,2,CYP2C9_pIC50_direct_inhibition,0.007471902999895974,1257,28
ecfp4_random_forest,2,CYP2C9_pIC50_direct_inhibition,0.6343398210001396,1257,28
ecfp4_lightgbm,2,CYP2C9_pIC50_direct_inhibition,0.3676739910001743,1257,28
endpoint_mean,2,CYP2D6_pIC50_direct_inhibition,0.0006359989997690718,1451,42
endpoint_median,2,CYP2D6_pIC50_direct_inhibition,0.0003509590001158358,1451,42
ecfp4_knn,2,CYP2D6_pIC50_direct_inhibition,0.010811551999722724,1451,42
ecfp4_random_forest,2,CYP2D6_pIC50_direct_inhibition,0.7874698929999795,1451,42
ecfp4_lightgbm,2,CYP2D6_pIC50_direct_inhibition,0.3735893749999377,1451,42
endpoint_mean,2,CYP3A4_pIC50_direct_inhibition,0.001106939999772294,2264,71
endpoint_median,2,CYP3A4_pIC50_direct_inhibition,0.0008035020000534132,2264,71
ecfp4_knn,2,CYP3A4_pIC50_direct_inhibition,0.029471144000126515,2264,71
ecfp4_random_forest,2,CYP3A4_pIC50_direct_inhibition,0.9809782309998809,2264,71
ecfp4_lightgbm,2,CYP3A4_pIC50_direct_inhibition,0.6563005040002281,2264,71
endpoint_mean,2,CYP3A4_is_TDI,0.0011769660000027216,3497,87
endpoint_median,2,CYP3A4_is_TDI,0.000805705999937345,3497,87
ecfp4_knn,2,CYP3A4_is_TDI,0.04673600300020553,3497,87
ecfp4_random_forest,2,CYP3A4_is_TDI,2.1135787930002152,3497,87
ecfp4_lightgbm,2,CYP3A4_is_TDI,0.6154479799997716,3497,87
endpoint_mean,2,CYP2D6_is_TDI,0.0006562399998983892,1455,42
endpoint_median,2,CYP2D6_is_TDI,0.00043543699985093554,1455,42
ecfp4_knn,2,CYP2D6_is_TDI,0.011554383000202506,1455,42
ecfp4_random_forest,2,CYP2D6_is_TDI,0.8692927090000921,1455,42
ecfp4_lightgbm,2,CYP2D6_is_TDI,0.3548897300001954,1455,42
endpoint_mean,3,CYP1A2_pIC50_direct_inhibition,0.0006215879998308083,1373,39
endpoint_median,3,CYP1A2_pIC50_direct_inhibition,0.0006615379998038406,1373,39
ecfp4_knn,3,CYP1A2_pIC50_direct_inhibition,0.010275923999870429,1373,39
ecfp4_random_forest,3,CYP1A2_pIC50_direct_inhibition,0.5965286599998763,1373,39
ecfp4_lightgbm,3,CYP1A2_pIC50_direct_inhibition,0.3117446659998677,1373,39
endpoint_mean,3,CYP2C9_pIC50_direct_inhibition,0.0005581719997280743,1250,35
endpoint_median,3,CYP2C9_pIC50_direct_inhibition,0.0003011439998772403,1250,35
ecfp4_knn,3,CYP2C9_pIC50_direct_inhibition,0.007792368000082206,1250,35
ecfp4_random_forest,3,CYP2C9_pIC50_direct_inhibition,0.6451575879996199,1250,35
ecfp4_lightgbm,3,CYP2C9_pIC50_direct_inhibition,0.3144414200000938,1250,35
endpoint_mean,3,CYP2D6_pIC50_direct_inhibition,0.0006014579998918634,1456,37
endpoint_median,3,CYP2D6_pIC50_direct_inhibition,0.0003175390002070344,1456,37
ecfp4_knn,3,CYP2D6_pIC50_direct_inhibition,0.010658330999831378,1456,37
ecfp4_random_forest,3,CYP2D6_pIC50_direct_inhibition,0.7593225699997674,1456,37
ecfp4_lightgbm,3,CYP2D6_pIC50_direct_inhibition,0.36956460700002935,1456,37
endpoint_mean,3,CYP3A4_pIC50_direct_inhibition,0.0012468909999370226,2264,71
endpoint_median,3,CYP3A4_pIC50_direct_inhibition,0.0010004690002460848,2264,71
ecfp4_knn,3,CYP3A4_pIC50_direct_inhibition,0.02637987099979,2264,71
ecfp4_random_forest,3,CYP3A4_pIC50_direct_inhibition,1.015417379000155,2264,71
ecfp4_lightgbm,3,CYP3A4_pIC50_direct_inhibition,0.7347560309999608,2264,71
endpoint_mean,3,CYP3A4_is_TDI,0.0011891949998243945,3497,87
endpoint_median,3,CYP3A4_is_TDI,0.0007747179997750209,3497,87
ecfp4_knn,3,CYP3A4_is_TDI,0.05107813399990846,3497,87
ecfp4_random_forest,3,CYP3A4_is_TDI,2.2050192860001516,3497,87
ecfp4_lightgbm,3,CYP3A4_is_TDI,0.7106414219997532,3497,87
endpoint_mean,3,CYP2D6_is_TDI,0.0006731149996994645,1460,37
endpoint_median,3,CYP2D6_is_TDI,0.0004884370000581839,1460,37
ecfp4_knn,3,CYP2D6_is_TDI,0.010839595000106783,1460,37
ecfp4_random_forest,3,CYP2D6_is_TDI,1.2711387730000752,1460,37
ecfp4_lightgbm,3,CYP2D6_is_TDI,0.3907604649998575,1460,37
endpoint_mean,4,CYP1A2_pIC50_direct_inhibition,0.0006449630000133766,1390,22
endpoint_median,4,CYP1A2_pIC50_direct_inhibition,0.00036079399978916626,1390,22
ecfp4_knn,4,CYP1A2_pIC50_direct_inhibition,0.006813259999944421,1390,22
ecfp4_random_forest,4,CYP1A2_pIC50_direct_inhibition,0.7746236830002999,1390,22
ecfp4_lightgbm,4,CYP1A2_pIC50_direct_inhibition,0.43752192300007664,1390,22
endpoint_mean,4,CYP2C9_pIC50_direct_inhibition,0.0005923940002503514,1254,31
endpoint_median,4,CYP2C9_pIC50_direct_inhibition,0.0003357569999025145,1254,31
ecfp4_knn,4,CYP2C9_pIC50_direct_inhibition,0.0075525759998527064,1254,31
ecfp4_random_forest,4,CYP2C9_pIC50_direct_inhibition,0.741852353000013,1254,31
ecfp4_lightgbm,4,CYP2C9_pIC50_direct_inhibition,0.3373360989999128,1254,31
endpoint_mean,4,CYP2D6_pIC50_direct_inhibition,0.0007732070002930413,1468,25
endpoint_median,4,CYP2D6_pIC50_direct_inhibition,0.00039985300008993363,1468,25
ecfp4_knn,4,CYP2D6_pIC50_direct_inhibition,0.008767147000071418,1468,25
ecfp4_random_forest,4,CYP2D6_pIC50_direct_inhibition,1.1537729510000645,1468,25
ecfp4_lightgbm,4,CYP2D6_pIC50_direct_inhibition,0.48212674500018693,1468,25
endpoint_mean,4,CYP3A4_pIC50_direct_inhibition,0.0012346120001893723,2249,86
endpoint_median,4,CYP3A4_pIC50_direct_inhibition,0.0007978339999681339,2249,86
ecfp4_knn,4,CYP3A4_pIC50_direct_inhibition,0.03184702999988076,2249,86
ecfp4_random_forest,4,CYP3A4_pIC50_direct_inhibition,1.2690332480001416,2249,86
ecfp4_lightgbm,4,CYP3A4_pIC50_direct_inhibition,0.9595194619996619,2249,86
endpoint_mean,4,CYP3A4_is_TDI,0.0012955550000697258,3475,109
endpoint_median,4,CYP3A4_is_TDI,0.0009365530004288303,3475,109
ecfp4_knn,4,CYP3A4_is_TDI,0.06582423700001527,3475,109
ecfp4_random_forest,4,CYP3A4_is_TDI,2.3719982729999174,3475,109
ecfp4_lightgbm,4,CYP3A4_is_TDI,0.716710852000233,3475,109
endpoint_mean,4,CYP2D6_is_TDI,0.000651192999612249,1472,25
endpoint_median,4,CYP2D6_is_TDI,0.0003314900000077614,1472,25
ecfp4_knn,4,CYP2D6_is_TDI,0.0072659019997445284,1472,25
ecfp4_random_forest,4,CYP2D6_is_TDI,1.0952247459999853,1472,25
ecfp4_lightgbm,4,CYP2D6_is_TDI,0.6051346680001188,1472,25
