model,scope,fold,task,endpoint,metric,value,n,positives_true,positives_predicted
ecfp4_knn,pooled,,classification,CYP2D6_is_TDI,MCC,0.12349234825666845,177,29.0,12.0
ecfp4_knn,pooled,,classification,CYP3A4_is_TDI,MCC,0.2737834992198222,459,133.0,104.0
ecfp4_knn,pooled,,regression,CYP1A2_pIC50_direct_inhibition,ST-RAE,1.0255612642588638,181,,
ecfp4_knn,pooled,,regression,CYP2C9_pIC50_direct_inhibition,ST-RAE,1.0761016165844168,159,,
ecfp4_knn,pooled,,regression,CYP2D6_pIC50_direct_inhibition,ST-RAE,1.0138500755121345,177,,
ecfp4_knn,pooled,,regression,CYP3A4_pIC50_direct_inhibition,ST-RAE,0.8544358164305406,381,,
ecfp4_lightgbm,pooled,,classification,CYP2D6_is_TDI,MCC,0.19210014055542626,177,29.0,23.0
ecfp4_lightgbm,pooled,,classification,CYP3A4_is_TDI,MCC,0.22705010467245978,459,133.0,139.0
ecfp4_lightgbm,pooled,,regression,CYP1A2_pIC50_direct_inhibition,ST-RAE,0.8046055130348218,181,,
ecfp4_lightgbm,pooled,,regression,CYP2C9_pIC50_direct_inhibition,ST-RAE,0.8240902435501912,159,,
ecfp4_lightgbm,pooled,,regression,CYP2D6_pIC50_direct_inhibition,ST-RAE,0.8940351743385182,177,,
ecfp4_lightgbm,pooled,,regression,CYP3A4_pIC50_direct_inhibition,ST-RAE,0.6766055377628409,381,,
ecfp4_random_forest,pooled,,classification,CYP2D6_is_TDI,MCC,-0.0673093017553773,177,29.0,4.0
ecfp4_random_forest,pooled,,classification,CYP3A4_is_TDI,MCC,0.28392993980243314,459,133.0,48.0
ecfp4_random_forest,pooled,,regression,CYP1A2_pIC50_direct_inhibition,ST-RAE,0.7957588557953752,181,,
ecfp4_random_forest,pooled,,regression,CYP2C9_pIC50_direct_inhibition,ST-RAE,0.9067677174799467,159,,
ecfp4_random_forest,pooled,,regression,CYP2D6_pIC50_direct_inhibition,ST-RAE,0.8760881806843767,177,,
ecfp4_random_forest,pooled,,regression,CYP3A4_pIC50_direct_inhibition,ST-RAE,0.875523180774673,381,,
endpoint_mean,pooled,,classification,CYP2D6_is_TDI,MCC,0.0,177,29.0,0.0
endpoint_mean,pooled,,classification,CYP3A4_is_TDI,MCC,0.0,459,133.0,0.0
endpoint_mean,pooled,,regression,CYP1A2_pIC50_direct_inhibition,ST-RAE,1.0127188788691652,181,,
endpoint_mean,pooled,,regression,CYP2C9_pIC50_direct_inhibition,ST-RAE,1.0979297961502497,159,,
endpoint_mean,pooled,,regression,CYP2D6_pIC50_direct_inhibition,ST-RAE,1.0236995460184148,177,,
endpoint_mean,pooled,,regression,CYP3A4_pIC50_direct_inhibition,ST-RAE,1.1767671544372678,381,,
endpoint_median,pooled,,classification,CYP2D6_is_TDI,MCC,0.0,177,29.0,0.0
endpoint_median,pooled,,classification,CYP3A4_is_TDI,MCC,0.0,459,133.0,0.0
endpoint_median,pooled,,regression,CYP1A2_pIC50_direct_inhibition,ST-RAE,0.9699796552969647,181,,
endpoint_median,pooled,,regression,CYP2C9_pIC50_direct_inhibition,ST-RAE,1.0613430955834333,159,,
endpoint_median,pooled,,regression,CYP2D6_pIC50_direct_inhibition,ST-RAE,1.0425511460181514,177,,
endpoint_median,pooled,,regression,CYP3A4_pIC50_direct_inhibition,ST-RAE,1.0728340077272482,381,,
ecfp4_knn,fold,0.0,classification,CYP2D6_is_TDI,MCC,-0.11200358417204118,38,7.0,2.0
ecfp4_knn,fold,0.0,classification,CYP3A4_is_TDI,MCC,0.229910208858573,86,25.0,30.0
ecfp4_knn,fold,0.0,regression,CYP1A2_pIC50_direct_inhibition,ST-RAE,1.0282868103733351,43,,
ecfp4_knn,fold,0.0,regression,CYP2C9_pIC50_direct_inhibition,ST-RAE,1.1988791165890333,28,,
ecfp4_knn,fold,0.0,regression,CYP2D6_pIC50_direct_inhibition,ST-RAE,1.2024173812677486,38,,
ecfp4_knn,fold,0.0,regression,CYP3A4_pIC50_direct_inhibition,ST-RAE,0.9048644419051513,74,,
ecfp4_lightgbm,fold,0.0,classification,CYP2D6_is_TDI,MCC,0.0582104127717333,38,7.0,4.0
ecfp4_lightgbm,fold,0.0,classification,CYP3A4_is_TDI,MCC,0.34787798176863405,86,25.0,42.0
ecfp4_lightgbm,fold,0.0,regression,CYP1A2_pIC50_direct_inhibition,ST-RAE,0.8917516826508363,43,,
ecfp4_lightgbm,fold,0.0,regression,CYP2C9_pIC50_direct_inhibition,ST-RAE,0.8206445810900721,28,,
ecfp4_lightgbm,fold,0.0,regression,CYP2D6_pIC50_direct_inhibition,ST-RAE,1.0979163795584732,38,,
ecfp4_lightgbm,fold,0.0,regression,CYP3A4_pIC50_direct_inhibition,ST-RAE,0.7186784663277462,74,,
ecfp4_random_forest,fold,0.0,classification,CYP2D6_is_TDI,MCC,0.0,38,7.0,0.0
ecfp4_random_forest,fold,0.0,classification,CYP3A4_is_TDI,MCC,0.5181426079664405,86,25.0,17.0
ecfp4_random_forest,fold,0.0,regression,CYP1A2_pIC50_direct_inhibition,ST-RAE,0.8762218147159998,43,,
ecfp4_random_forest,fold,0.0,regression,CYP2C9_pIC50_direct_inhibition,ST-RAE,0.8136600207639081,28,,
ecfp4_random_forest,fold,0.0,regression,CYP2D6_pIC50_direct_inhibition,ST-RAE,0.9074804814648851,38,,
ecfp4_random_forest,fold,0.0,regression,CYP3A4_pIC50_direct_inhibition,ST-RAE,0.90352284836936,74,,
endpoint_mean,fold,0.0,classification,CYP2D6_is_TDI,MCC,0.0,38,7.0,0.0
endpoint_mean,fold,0.0,classification,CYP3A4_is_TDI,MCC,0.0,86,25.0,0.0
endpoint_mean,fold,0.0,regression,CYP1A2_pIC50_direct_inhibition,ST-RAE,1.0357028695590929,43,,
endpoint_mean,fold,0.0,regression,CYP2C9_pIC50_direct_inhibition,ST-RAE,0.9740837529971077,28,,
endpoint_mean,fold,0.0,regression,CYP2D6_pIC50_direct_inhibition,ST-RAE,0.9998883443805517,38,,
endpoint_mean,fold,0.0,regression,CYP3A4_pIC50_direct_inhibition,ST-RAE,1.189559458370418,74,,
endpoint_median,fold,0.0,classification,CYP2D6_is_TDI,MCC,0.0,38,7.0,0.0
endpoint_median,fold,0.0,classification,CYP3A4_is_TDI,MCC,0.0,86,25.0,0.0
endpoint_median,fold,0.0,regression,CYP1A2_pIC50_direct_inhibition,ST-RAE,0.9999045048212329,43,,
endpoint_median,fold,0.0,regression,CYP2C9_pIC50_direct_inhibition,ST-RAE,0.9749829295429584,28,,
endpoint_median,fold,0.0,regression,CYP2D6_pIC50_direct_inhibition,ST-RAE,0.9912630005806259,38,,
endpoint_median,fold,0.0,regression,CYP3A4_pIC50_direct_inhibition,ST-RAE,1.0932226037876613,74,,
ecfp4_knn,fold,1.0,classification,CYP2D6_is_TDI,MCC,0.04490132550669373,35,7.0,4.0
ecfp4_knn,fold,1.0,classification,CYP3A4_is_TDI,MCC,0.18972221763801836,90,28.0,16.0
ecfp4_knn,fold,1.0,regression,CYP1A2_pIC50_direct_inhibition,ST-RAE,1.2866085220417454,36,,
ecfp4_knn,fold,1.0,regression,CYP2C9_pIC50_direct_inhibition,ST-RAE,1.332811464680365,37,,
ecfp4_knn,fold,1.0,regression,CYP2D6_pIC50_direct_inhibition,ST-RAE,1.0110328877700692,35,,
ecfp4_knn,fold,1.0,regression,CYP3A4_pIC50_direct_inhibition,ST-RAE,0.800396747636471,79,,
ecfp4_lightgbm,fold,1.0,classification,CYP2D6_is_TDI,MCC,-0.1796053020267749,35,7.0,4.0
ecfp4_lightgbm,fold,1.0,classification,CYP3A4_is_TDI,MCC,0.11866359447004608,90,28.0,28.0
ecfp4_lightgbm,fold,1.0,regression,CYP1A2_pIC50_direct_inhibition,ST-RAE,0.7912672158583262,36,,
ecfp4_lightgbm,fold,1.0,regression,CYP2C9_pIC50_direct_inhibition,ST-RAE,0.951015390410891,37,,
ecfp4_lightgbm,fold,1.0,regression,CYP2D6_pIC50_direct_inhibition,ST-RAE,0.7191035483380401,35,,
ecfp4_lightgbm,fold,1.0,regression,CYP3A4_pIC50_direct_inhibition,ST-RAE,0.5612143749508355,79,,
ecfp4_random_forest,fold,1.0,classification,CYP2D6_is_TDI,MCC,-0.08574929257125442,35,7.0,1.0
ecfp4_random_forest,fold,1.0,classification,CYP3A4_is_TDI,MCC,0.1090460762305419,90,28.0,6.0
ecfp4_random_forest,fold,1.0,regression,CYP1A2_pIC50_direct_inhibition,ST-RAE,0.7147904747224937,36,,
ecfp4_random_forest,fold,1.0,regression,CYP2C9_pIC50_direct_inhibition,ST-RAE,0.9925546352800141,37,,
ecfp4_random_forest,fold,1.0,regression,CYP2D6_pIC50_direct_inhibition,ST-RAE,0.7349519093719775,35,,
ecfp4_random_forest,fold,1.0,regression,CYP3A4_pIC50_direct_inhibition,ST-RAE,0.7746825777445692,79,,
endpoint_mean,fold,1.0,classification,CYP2D6_is_TDI,MCC,0.0,35,7.0,0.0
endpoint_mean,fold,1.0,classification,CYP3A4_is_TDI,MCC,0.0,90,28.0,0.0
endpoint_mean,fold,1.0,regression,CYP1A2_pIC50_direct_inhibition,ST-RAE,1.0452243827946694,36,,
endpoint_mean,fold,1.0,regression,CYP2C9_pIC50_direct_inhibition,ST-RAE,1.131979399870198,37,,
endpoint_mean,fold,1.0,regression,CYP2D6_pIC50_direct_inhibition,ST-RAE,1.0313042212071766,35,,
endpoint_mean,fold,1.0,regression,CYP3A4_pIC50_direct_inhibition,ST-RAE,1.0909177938164336,79,,
endpoint_median,fold,1.0,classification,CYP2D6_is_TDI,MCC,0.0,35,7.0,0.0
endpoint_median,fold,1.0,classification,CYP3A4_is_TDI,MCC,0.0,90,28.0,0.0
endpoint_median,fold,1.0,regression,CYP1A2_pIC50_direct_inhibition,ST-RAE,0.9643425179100092,36,,
endpoint_median,fold,1.0,regression,CYP2C9_pIC50_direct_inhibition,ST-RAE,1.0782706872435632,37,,
endpoint_median,fold,1.0,regression,CYP2D6_pIC50_direct_inhibition,ST-RAE,1.0515622894471808,35,,
endpoint_median,fold,1.0,regression,CYP3A4_pIC50_direct_inhibition,ST-RAE,1.0152514670063395,79,,
ecfp4_knn,fold,2.0,classification,CYP2D6_is_TDI,MCC,0.38165619466295686,42,5.0,4.0
ecfp4_knn,fold,2.0,classification,CYP3A4_is_TDI,MCC,-0.04604374107985615,87,14.0,9.0
ecfp4_knn,fold,2.0,regression,CYP1A2_pIC50_direct_inhibition,ST-RAE,0.9208728128789374,41,,
ecfp4_knn,fold,2.0,regression,CYP2C9_pIC50_direct_inhibition,ST-RAE,1.0427460924156655,28,,
ecfp4_knn,fold,2.0,regression,CYP2D6_pIC50_direct_inhibition,ST-RAE,1.1314756751477917,42,,
ecfp4_knn,fold,2.0,regression,CYP3A4_pIC50_direct_inhibition,ST-RAE,0.8471533740596886,71,,
ecfp4_lightgbm,fold,2.0,classification,CYP2D6_is_TDI,MCC,0.4274373669939289,42,5.0,7.0
ecfp4_lightgbm,fold,2.0,classification,CYP3A4_is_TDI,MCC,0.2984952436679474,87,14.0,19.0
ecfp4_lightgbm,fold,2.0,regression,CYP1A2_pIC50_direct_inhibition,ST-RAE,0.7554762588406884,41,,
ecfp4_lightgbm,fold,2.0,regression,CYP2C9_pIC50_direct_inhibition,ST-RAE,0.9507816518832046,28,,
ecfp4_lightgbm,fold,2.0,regression,CYP2D6_pIC50_direct_inhibition,ST-RAE,1.012794433253387,42,,
ecfp4_lightgbm,fold,2.0,regression,CYP3A4_pIC50_direct_inhibition,ST-RAE,0.5493198732485366,71,,
ecfp4_random_forest,fold,2.0,classification,CYP2D6_is_TDI,MCC,-0.08219949365267865,42,5.0,2.0
ecfp4_random_forest,fold,2.0,classification,CYP3A4_is_TDI,MCC,0.2511479767507418,87,14.0,6.0
ecfp4_random_forest,fold,2.0,regression,CYP1A2_pIC50_direct_inhibition,ST-RAE,0.7993318290767901,41,,
ecfp4_random_forest,fold,2.0,regression,CYP2C9_pIC50_direct_inhibition,ST-RAE,1.0554941050773272,28,,
ecfp4_random_forest,fold,2.0,regression,CYP2D6_pIC50_direct_inhibition,ST-RAE,1.0220056554970625,42,,
ecfp4_random_forest,fold,2.0,regression,CYP3A4_pIC50_direct_inhibition,ST-RAE,0.7289327815404297,71,,
endpoint_mean,fold,2.0,classification,CYP2D6_is_TDI,MCC,0.0,42,5.0,0.0
endpoint_mean,fold,2.0,classification,CYP3A4_is_TDI,MCC,0.0,87,14.0,0.0
endpoint_mean,fold,2.0,regression,CYP1A2_pIC50_direct_inhibition,ST-RAE,0.9897721781704466,41,,
endpoint_mean,fold,2.0,regression,CYP2C9_pIC50_direct_inhibition,ST-RAE,1.3919456394766447,28,,
endpoint_mean,fold,2.0,regression,CYP2D6_pIC50_direct_inhibition,ST-RAE,1.1441834842062593,42,,
endpoint_mean,fold,2.0,regression,CYP3A4_pIC50_direct_inhibition,ST-RAE,1.0990788626990633,71,,
endpoint_median,fold,2.0,classification,CYP2D6_is_TDI,MCC,0.0,42,5.0,0.0
endpoint_median,fold,2.0,classification,CYP3A4_is_TDI,MCC,0.0,87,14.0,0.0
endpoint_median,fold,2.0,regression,CYP1A2_pIC50_direct_inhibition,ST-RAE,0.9700084998964138,41,,
endpoint_median,fold,2.0,regression,CYP2C9_pIC50_direct_inhibition,ST-RAE,1.3329130380607164,28,,
endpoint_median,fold,2.0,regression,CYP2D6_pIC50_direct_inhibition,ST-RAE,1.1958098473718446,42,,
endpoint_median,fold,2.0,regression,CYP3A4_pIC50_direct_inhibition,ST-RAE,1.005283677699614,71,,
ecfp4_knn,fold,3.0,classification,CYP2D6_is_TDI,MCC,-0.06588078458684124,37,5.0,1.0
ecfp4_knn,fold,3.0,classification,CYP3A4_is_TDI,MCC,0.26722489355064827,87,36.0,26.0
ecfp4_knn,fold,3.0,regression,CYP1A2_pIC50_direct_inhibition,ST-RAE,1.0399120434375029,39,,
ecfp4_knn,fold,3.0,regression,CYP2C9_pIC50_direct_inhibition,ST-RAE,1.0629504465806785,35,,
ecfp4_knn,fold,3.0,regression,CYP2D6_pIC50_direct_inhibition,ST-RAE,0.8405159466176916,37,,
ecfp4_knn,fold,3.0,regression,CYP3A4_pIC50_direct_inhibition,ST-RAE,0.9920609437561232,71,,
ecfp4_lightgbm,fold,3.0,classification,CYP2D6_is_TDI,MCC,0.37157527073014673,37,5.0,4.0
ecfp4_lightgbm,fold,3.0,classification,CYP3A4_is_TDI,MCC,0.1426399774138396,87,36.0,27.0
ecfp4_lightgbm,fold,3.0,regression,CYP1A2_pIC50_direct_inhibition,ST-RAE,0.805619110461065,39,,
ecfp4_lightgbm,fold,3.0,regression,CYP2C9_pIC50_direct_inhibition,ST-RAE,0.9109049501499581,35,,
ecfp4_lightgbm,fold,3.0,regression,CYP2D6_pIC50_direct_inhibition,ST-RAE,0.8735913194719922,37,,
ecfp4_lightgbm,fold,3.0,regression,CYP3A4_pIC50_direct_inhibition,ST-RAE,0.9035474174506826,71,,
ecfp4_random_forest,fold,3.0,classification,CYP2D6_is_TDI,MCC,-0.06588078458684124,37,5.0,1.0
ecfp4_random_forest,fold,3.0,classification,CYP3A4_is_TDI,MCC,0.20941975447057498,87,36.0,10.0
ecfp4_random_forest,fold,3.0,regression,CYP1A2_pIC50_direct_inhibition,ST-RAE,0.8248339174009438,39,,
ecfp4_random_forest,fold,3.0,regression,CYP2C9_pIC50_direct_inhibition,ST-RAE,1.0253879159925086,35,,
ecfp4_random_forest,fold,3.0,regression,CYP2D6_pIC50_direct_inhibition,ST-RAE,0.8622287860201134,37,,
ecfp4_random_forest,fold,3.0,regression,CYP3A4_pIC50_direct_inhibition,ST-RAE,1.1041623018687763,71,,
endpoint_mean,fold,3.0,classification,CYP2D6_is_TDI,MCC,0.0,37,5.0,0.0
endpoint_mean,fold,3.0,classification,CYP3A4_is_TDI,MCC,0.0,87,36.0,0.0
endpoint_mean,fold,3.0,regression,CYP1A2_pIC50_direct_inhibition,ST-RAE,1.016435771318776,39,,
endpoint_mean,fold,3.0,regression,CYP2C9_pIC50_direct_inhibition,ST-RAE,1.0429728986424114,35,,
endpoint_mean,fold,3.0,regression,CYP2D6_pIC50_direct_inhibition,ST-RAE,1.0208569745215514,37,,
endpoint_mean,fold,3.0,regression,CYP3A4_pIC50_direct_inhibition,ST-RAE,1.3222180691362244,71,,
endpoint_median,fold,3.0,classification,CYP2D6_is_TDI,MCC,0.0,37,5.0,0.0
endpoint_median,fold,3.0,classification,CYP3A4_is_TDI,MCC,0.0,87,36.0,0.0
endpoint_median,fold,3.0,regression,CYP1A2_pIC50_direct_inhibition,ST-RAE,0.9659444346200239,39,,
endpoint_median,fold,3.0,regression,CYP2C9_pIC50_direct_inhibition,ST-RAE,1.022572637454659,35,,
endpoint_median,fold,3.0,regression,CYP2D6_pIC50_direct_inhibition,ST-RAE,1.0372317796833064,37,,
endpoint_median,fold,3.0,regression,CYP3A4_pIC50_direct_inhibition,ST-RAE,1.1755211901451612,71,,
ecfp4_knn,fold,4.0,classification,CYP2D6_is_TDI,MCC,0.408248290463863,25,5.0,1.0
ecfp4_knn,fold,4.0,classification,CYP3A4_is_TDI,MCC,0.4868030541023113,109,30.0,23.0
ecfp4_knn,fold,4.0,regression,CYP1A2_pIC50_direct_inhibition,ST-RAE,0.8811142771377599,22,,
ecfp4_knn,fold,4.0,regression,CYP2C9_pIC50_direct_inhibition,ST-RAE,0.931262718506042,31,,
ecfp4_knn,fold,4.0,regression,CYP2D6_pIC50_direct_inhibition,ST-RAE,1.034019874006465,25,,
ecfp4_knn,fold,4.0,regression,CYP3A4_pIC50_direct_inhibition,ST-RAE,0.7614024778415468,86,,
ecfp4_lightgbm,fold,4.0,classification,CYP2D6_is_TDI,MCC,0.3273268353539886,25,5.0,4.0
ecfp4_lightgbm,fold,4.0,classification,CYP3A4_is_TDI,MCC,0.23508800240804217,109,30.0,23.0
ecfp4_lightgbm,fold,4.0,regression,CYP1A2_pIC50_direct_inhibition,ST-RAE,0.7266904882057369,22,,
ecfp4_lightgbm,fold,4.0,regression,CYP2C9_pIC50_direct_inhibition,ST-RAE,0.4687690292119448,31,,
ecfp4_lightgbm,fold,4.0,regression,CYP2D6_pIC50_direct_inhibition,ST-RAE,0.8752493742461461,25,,
ecfp4_lightgbm,fold,4.0,regression,CYP3A4_pIC50_direct_inhibition,ST-RAE,0.6790860982417997,86,,
ecfp4_random_forest,fold,4.0,classification,CYP2D6_is_TDI,MCC,0.0,25,5.0,0.0
ecfp4_random_forest,fold,4.0,classification,CYP3A4_is_TDI,MCC,0.2629273696056835,109,30.0,9.0
ecfp4_random_forest,fold,4.0,regression,CYP1A2_pIC50_direct_inhibition,ST-RAE,0.6611613096146386,22,,
ecfp4_random_forest,fold,4.0,regression,CYP2C9_pIC50_direct_inhibition,ST-RAE,0.691049259089338,31,,
ecfp4_random_forest,fold,4.0,regression,CYP2D6_pIC50_direct_inhibition,ST-RAE,0.9352113610703893,25,,
ecfp4_random_forest,fold,4.0,regression,CYP3A4_pIC50_direct_inhibition,ST-RAE,0.8985807536033438,86,,
endpoint_mean,fold,4.0,classification,CYP2D6_is_TDI,MCC,0.0,25,5.0,0.0
endpoint_mean,fold,4.0,classification,CYP3A4_is_TDI,MCC,0.0,109,30.0,0.0
endpoint_mean,fold,4.0,regression,CYP1A2_pIC50_direct_inhibition,ST-RAE,0.9439841444918756,22,,
endpoint_mean,fold,4.0,regression,CYP2C9_pIC50_direct_inhibition,ST-RAE,1.2300134126929823,31,,
endpoint_mean,fold,4.0,regression,CYP2D6_pIC50_direct_inhibition,ST-RAE,1.0,25,,
endpoint_mean,fold,4.0,regression,CYP3A4_pIC50_direct_inhibition,ST-RAE,1.213929097237982,86,,
endpoint_median,fold,4.0,classification,CYP2D6_is_TDI,MCC,0.0,25,5.0,0.0
endpoint_median,fold,4.0,classification,CYP3A4_is_TDI,MCC,0.0,109,30.0,0.0
endpoint_median,fold,4.0,regression,CYP1A2_pIC50_direct_inhibition,ST-RAE,0.9019340529975785,22,,
endpoint_median,fold,4.0,regression,CYP2C9_pIC50_direct_inhibition,ST-RAE,1.141483888672531,31,,
endpoint_median,fold,4.0,regression,CYP2D6_pIC50_direct_inhibition,ST-RAE,1.0024008692710675,25,,
endpoint_median,fold,4.0,regression,CYP3A4_pIC50_direct_inhibition,ST-RAE,1.1008973657254437,86,,
ecfp4_knn,fold,0.0,regression,MA,MA-ST-RAE,1.0836119375338171,183,,
ecfp4_knn,fold,1.0,regression,MA,MA-ST-RAE,1.1077124055321625,187,,
ecfp4_knn,fold,2.0,regression,MA,MA-ST-RAE,0.9855619886255208,182,,
ecfp4_knn,fold,3.0,regression,MA,MA-ST-RAE,0.9838598450979992,182,,
ecfp4_knn,fold,4.0,regression,MA,MA-ST-RAE,0.9019498368729534,164,,
ecfp4_knn,pooled,,regression,MA,MA-ST-RAE,0.9924871931964889,898,,
ecfp4_lightgbm,fold,0.0,regression,MA,MA-ST-RAE,0.882247777406782,183,,
ecfp4_lightgbm,fold,1.0,regression,MA,MA-ST-RAE,0.7556501323895232,187,,
ecfp4_lightgbm,fold,2.0,regression,MA,MA-ST-RAE,0.8170930543064542,182,,
ecfp4_lightgbm,fold,3.0,regression,MA,MA-ST-RAE,0.8734156993834244,182,,
ecfp4_lightgbm,fold,4.0,regression,MA,MA-ST-RAE,0.6874487474764068,164,,
ecfp4_lightgbm,pooled,,regression,MA,MA-ST-RAE,0.799834117171593,898,,
ecfp4_random_forest,fold,0.0,regression,MA,MA-ST-RAE,0.8752212913285382,183,,
ecfp4_random_forest,fold,1.0,regression,MA,MA-ST-RAE,0.8042448992797635,187,,
ecfp4_random_forest,fold,2.0,regression,MA,MA-ST-RAE,0.9014410927979023,182,,
ecfp4_random_forest,fold,3.0,regression,MA,MA-ST-RAE,0.9541532303205855,182,,
ecfp4_random_forest,fold,4.0,regression,MA,MA-ST-RAE,0.7965006708444274,164,,
ecfp4_random_forest,pooled,,regression,MA,MA-ST-RAE,0.8635344836835929,898,,
endpoint_mean,fold,0.0,regression,MA,MA-ST-RAE,1.0498086063267926,183,,
endpoint_mean,fold,1.0,regression,MA,MA-ST-RAE,1.0748564494221196,187,,
endpoint_mean,fold,2.0,regression,MA,MA-ST-RAE,1.1562450411381033,182,,
endpoint_mean,fold,3.0,regression,MA,MA-ST-RAE,1.1006209284047408,182,,
endpoint_mean,fold,4.0,regression,MA,MA-ST-RAE,1.09698166360571,164,,
endpoint_mean,pooled,,regression,MA,MA-ST-RAE,1.0777788438687743,898,,
endpoint_median,fold,0.0,regression,MA,MA-ST-RAE,1.0148432596831196,183,,
endpoint_median,fold,1.0,regression,MA,MA-ST-RAE,1.0273567404017732,187,,
endpoint_median,fold,2.0,regression,MA,MA-ST-RAE,1.1260037657571471,182,,
endpoint_median,fold,3.0,regression,MA,MA-ST-RAE,1.0503175104757876,182,,
endpoint_median,fold,4.0,regression,MA,MA-ST-RAE,1.0366790441666551,164,,
endpoint_median,pooled,,regression,MA,MA-ST-RAE,1.0366769761564494,898,,
