split_scheme,model,scope,fold,task,endpoint,metric,value,n,positives_true,positives_predicted
random,ecfp4_knn,pooled,,classification,CYP2D6_is_TDI,MCC,0.1798450123437348,177,29.0,16.0
random,ecfp4_knn,pooled,,classification,CYP3A4_is_TDI,MCC,0.35205903190366095,459,133.0,107.0
random,ecfp4_knn,pooled,,regression,CYP1A2_pIC50_direct_inhibition,ST-RAE,0.9712633009287178,181,,
random,ecfp4_knn,pooled,,regression,CYP2C9_pIC50_direct_inhibition,ST-RAE,1.0949418995789006,159,,
random,ecfp4_knn,pooled,,regression,CYP2D6_pIC50_direct_inhibition,ST-RAE,1.0357448102475937,177,,
random,ecfp4_knn,pooled,,regression,CYP3A4_pIC50_direct_inhibition,ST-RAE,0.8686056120029632,381,,
random,ecfp4_lightgbm,pooled,,classification,CYP2D6_is_TDI,MCC,0.225949430027871,177,29.0,24.0
random,ecfp4_lightgbm,pooled,,classification,CYP3A4_is_TDI,MCC,0.40299306246343075,459,133.0,159.0
random,ecfp4_lightgbm,pooled,,regression,CYP1A2_pIC50_direct_inhibition,ST-RAE,0.8073170991476935,181,,
random,ecfp4_lightgbm,pooled,,regression,CYP2C9_pIC50_direct_inhibition,ST-RAE,0.8253290413281832,159,,
random,ecfp4_lightgbm,pooled,,regression,CYP2D6_pIC50_direct_inhibition,ST-RAE,0.9230838498792724,177,,
random,ecfp4_lightgbm,pooled,,regression,CYP3A4_pIC50_direct_inhibition,ST-RAE,0.5756766059828341,381,,
random,ecfp4_random_forest,pooled,,classification,CYP2D6_is_TDI,MCC,0.08577662771505458,177,29.0,6.0
random,ecfp4_random_forest,pooled,,classification,CYP3A4_is_TDI,MCC,0.405537740005287,459,133.0,98.0
random,ecfp4_random_forest,pooled,,regression,CYP1A2_pIC50_direct_inhibition,ST-RAE,0.8059513915124594,181,,
random,ecfp4_random_forest,pooled,,regression,CYP2C9_pIC50_direct_inhibition,ST-RAE,0.9147565060575867,159,,
random,ecfp4_random_forest,pooled,,regression,CYP2D6_pIC50_direct_inhibition,ST-RAE,0.8893159240231564,177,,
random,ecfp4_random_forest,pooled,,regression,CYP3A4_pIC50_direct_inhibition,ST-RAE,0.7628847403502093,381,,
random,endpoint_mean,pooled,,classification,CYP2D6_is_TDI,MCC,0.0,177,29.0,0.0
random,endpoint_mean,pooled,,classification,CYP3A4_is_TDI,MCC,0.0,459,133.0,0.0
random,endpoint_mean,pooled,,regression,CYP1A2_pIC50_direct_inhibition,ST-RAE,1.013407069795904,181,,
random,endpoint_mean,pooled,,regression,CYP2C9_pIC50_direct_inhibition,ST-RAE,1.0969577190709865,159,,
random,endpoint_mean,pooled,,regression,CYP2D6_pIC50_direct_inhibition,ST-RAE,1.0224716991607996,177,,
random,endpoint_mean,pooled,,regression,CYP3A4_pIC50_direct_inhibition,ST-RAE,1.176631343381422,381,,
random,endpoint_median,pooled,,classification,CYP2D6_is_TDI,MCC,0.0,177,29.0,0.0
random,endpoint_median,pooled,,classification,CYP3A4_is_TDI,MCC,0.0,459,133.0,0.0
random,endpoint_median,pooled,,regression,CYP1A2_pIC50_direct_inhibition,ST-RAE,0.9704229603277179,181,,
random,endpoint_median,pooled,,regression,CYP2C9_pIC50_direct_inhibition,ST-RAE,1.0598922928897483,159,,
random,endpoint_median,pooled,,regression,CYP2D6_pIC50_direct_inhibition,ST-RAE,1.0421969613461524,177,,
random,endpoint_median,pooled,,regression,CYP3A4_pIC50_direct_inhibition,ST-RAE,1.0726811457084746,381,,
random,ecfp4_knn,fold,0.0,classification,CYP2D6_is_TDI,MCC,0.07387198368257757,40,9.0,3.0
random,ecfp4_knn,fold,0.0,classification,CYP3A4_is_TDI,MCC,0.3000946313122235,86,25.0,18.0
random,ecfp4_knn,fold,0.0,regression,CYP1A2_pIC50_direct_inhibition,ST-RAE,0.8965787278315267,46,,
random,ecfp4_knn,fold,0.0,regression,CYP2C9_pIC50_direct_inhibition,ST-RAE,0.9930901621294705,29,,
random,ecfp4_knn,fold,0.0,regression,CYP2D6_pIC50_direct_inhibition,ST-RAE,0.922176036971048,40,,
random,ecfp4_knn,fold,0.0,regression,CYP3A4_pIC50_direct_inhibition,ST-RAE,0.8616119508899464,68,,
random,ecfp4_lightgbm,fold,0.0,classification,CYP2D6_is_TDI,MCC,0.2195175913660582,40,9.0,4.0
random,ecfp4_lightgbm,fold,0.0,classification,CYP3A4_is_TDI,MCC,0.5049308695495761,86,25.0,27.0
random,ecfp4_lightgbm,fold,0.0,regression,CYP1A2_pIC50_direct_inhibition,ST-RAE,0.6952333092981128,46,,
random,ecfp4_lightgbm,fold,0.0,regression,CYP2C9_pIC50_direct_inhibition,ST-RAE,1.0051988877963576,29,,
random,ecfp4_lightgbm,fold,0.0,regression,CYP2D6_pIC50_direct_inhibition,ST-RAE,0.8599104294939417,40,,
random,ecfp4_lightgbm,fold,0.0,regression,CYP3A4_pIC50_direct_inhibition,ST-RAE,0.5224925623301759,68,,
random,ecfp4_random_forest,fold,0.0,classification,CYP2D6_is_TDI,MCC,0.15108236796222702,40,9.0,2.0
random,ecfp4_random_forest,fold,0.0,classification,CYP3A4_is_TDI,MCC,0.48070769237252176,86,25.0,14.0
random,ecfp4_random_forest,fold,0.0,regression,CYP1A2_pIC50_direct_inhibition,ST-RAE,0.7229240891048869,46,,
random,ecfp4_random_forest,fold,0.0,regression,CYP2C9_pIC50_direct_inhibition,ST-RAE,0.9607537400640389,29,,
random,ecfp4_random_forest,fold,0.0,regression,CYP2D6_pIC50_direct_inhibition,ST-RAE,0.7897313148718828,40,,
random,ecfp4_random_forest,fold,0.0,regression,CYP3A4_pIC50_direct_inhibition,ST-RAE,0.7253676392879195,68,,
random,endpoint_mean,fold,0.0,classification,CYP2D6_is_TDI,MCC,0.0,40,9.0,0.0
random,endpoint_mean,fold,0.0,classification,CYP3A4_is_TDI,MCC,0.0,86,25.0,0.0
random,endpoint_mean,fold,0.0,regression,CYP1A2_pIC50_direct_inhibition,ST-RAE,1.054227655794492,46,,
random,endpoint_mean,fold,0.0,regression,CYP2C9_pIC50_direct_inhibition,ST-RAE,0.9961891403304035,29,,
random,endpoint_mean,fold,0.0,regression,CYP2D6_pIC50_direct_inhibition,ST-RAE,1.0033210625072533,40,,
random,endpoint_mean,fold,0.0,regression,CYP3A4_pIC50_direct_inhibition,ST-RAE,1.1529869033086282,68,,
random,endpoint_median,fold,0.0,classification,CYP2D6_is_TDI,MCC,0.0,40,9.0,0.0
random,endpoint_median,fold,0.0,classification,CYP3A4_is_TDI,MCC,0.0,86,25.0,0.0
random,endpoint_median,fold,0.0,regression,CYP1A2_pIC50_direct_inhibition,ST-RAE,0.9807077171592055,46,,
random,endpoint_median,fold,0.0,regression,CYP2C9_pIC50_direct_inhibition,ST-RAE,0.9808898597358456,29,,
random,endpoint_median,fold,0.0,regression,CYP2D6_pIC50_direct_inhibition,ST-RAE,1.0122682094235014,40,,
random,endpoint_median,fold,0.0,regression,CYP3A4_pIC50_direct_inhibition,ST-RAE,1.0528746575200578,68,,
random,ecfp4_knn,fold,1.0,classification,CYP2D6_is_TDI,MCC,0.3032258064516129,36,5.0,5.0
random,ecfp4_knn,fold,1.0,classification,CYP3A4_is_TDI,MCC,0.42798249273131145,91,26.0,20.0
random,ecfp4_knn,fold,1.0,regression,CYP1A2_pIC50_direct_inhibition,ST-RAE,0.990618814445353,42,,
random,ecfp4_knn,fold,1.0,regression,CYP2C9_pIC50_direct_inhibition,ST-RAE,1.4650498061067583,30,,
random,ecfp4_knn,fold,1.0,regression,CYP2D6_pIC50_direct_inhibition,ST-RAE,1.7109473353260058,36,,
random,ecfp4_knn,fold,1.0,regression,CYP3A4_pIC50_direct_inhibition,ST-RAE,0.8352824099213356,75,,
random,ecfp4_lightgbm,fold,1.0,classification,CYP2D6_is_TDI,MCC,0.11359236684941296,36,5.0,4.0
random,ecfp4_lightgbm,fold,1.0,classification,CYP3A4_is_TDI,MCC,0.5205972583258042,91,26.0,31.0
random,ecfp4_lightgbm,fold,1.0,regression,CYP1A2_pIC50_direct_inhibition,ST-RAE,0.9258093988527796,42,,
random,ecfp4_lightgbm,fold,1.0,regression,CYP2C9_pIC50_direct_inhibition,ST-RAE,0.9651913681451215,30,,
random,ecfp4_lightgbm,fold,1.0,regression,CYP2D6_pIC50_direct_inhibition,ST-RAE,1.1368974522328013,36,,
random,ecfp4_lightgbm,fold,1.0,regression,CYP3A4_pIC50_direct_inhibition,ST-RAE,0.5468316997902078,75,,
random,ecfp4_random_forest,fold,1.0,classification,CYP2D6_is_TDI,MCC,-0.06788442333021306,36,5.0,1.0
random,ecfp4_random_forest,fold,1.0,classification,CYP3A4_is_TDI,MCC,0.4531404388376097,91,26.0,19.0
random,ecfp4_random_forest,fold,1.0,regression,CYP1A2_pIC50_direct_inhibition,ST-RAE,0.9448778743381258,42,,
random,ecfp4_random_forest,fold,1.0,regression,CYP2C9_pIC50_direct_inhibition,ST-RAE,1.0214239887964855,30,,
random,ecfp4_random_forest,fold,1.0,regression,CYP2D6_pIC50_direct_inhibition,ST-RAE,1.0654981116757565,36,,
random,ecfp4_random_forest,fold,1.0,regression,CYP3A4_pIC50_direct_inhibition,ST-RAE,0.6933553845519048,75,,
random,endpoint_mean,fold,1.0,classification,CYP2D6_is_TDI,MCC,0.0,36,5.0,0.0
random,endpoint_mean,fold,1.0,classification,CYP3A4_is_TDI,MCC,0.0,91,26.0,0.0
random,endpoint_mean,fold,1.0,regression,CYP1A2_pIC50_direct_inhibition,ST-RAE,1.0178106676244851,42,,
random,endpoint_mean,fold,1.0,regression,CYP2C9_pIC50_direct_inhibition,ST-RAE,1.156740333586748,30,,
random,endpoint_mean,fold,1.0,regression,CYP2D6_pIC50_direct_inhibition,ST-RAE,0.9995160873745995,36,,
random,endpoint_mean,fold,1.0,regression,CYP3A4_pIC50_direct_inhibition,ST-RAE,1.1026235971156828,75,,
random,endpoint_median,fold,1.0,classification,CYP2D6_is_TDI,MCC,0.0,36,5.0,0.0
random,endpoint_median,fold,1.0,classification,CYP3A4_is_TDI,MCC,0.0,91,26.0,0.0
random,endpoint_median,fold,1.0,regression,CYP1A2_pIC50_direct_inhibition,ST-RAE,0.9778370729983642,42,,
random,endpoint_median,fold,1.0,regression,CYP2C9_pIC50_direct_inhibition,ST-RAE,1.1030779278462763,30,,
random,endpoint_median,fold,1.0,regression,CYP2D6_pIC50_direct_inhibition,ST-RAE,0.9799058642064514,36,,
random,endpoint_median,fold,1.0,regression,CYP3A4_pIC50_direct_inhibition,ST-RAE,1.022942459550397,75,,
random,ecfp4_knn,fold,2.0,classification,CYP2D6_is_TDI,MCC,0.2532520925696209,36,5.0,2.0
random,ecfp4_knn,fold,2.0,classification,CYP3A4_is_TDI,MCC,0.404347412707806,92,20.0,18.0
random,ecfp4_knn,fold,2.0,regression,CYP1A2_pIC50_direct_inhibition,ST-RAE,1.0399461934455194,25,,
random,ecfp4_knn,fold,2.0,regression,CYP2C9_pIC50_direct_inhibition,ST-RAE,1.2249340135074969,31,,
random,ecfp4_knn,fold,2.0,regression,CYP2D6_pIC50_direct_inhibition,ST-RAE,0.9757850286663138,36,,
random,ecfp4_knn,fold,2.0,regression,CYP3A4_pIC50_direct_inhibition,ST-RAE,0.8774845220642224,70,,
random,ecfp4_lightgbm,fold,2.0,classification,CYP2D6_is_TDI,MCC,0.11359236684941296,36,5.0,4.0
random,ecfp4_lightgbm,fold,2.0,classification,CYP3A4_is_TDI,MCC,0.2813767351141385,92,20.0,28.0
random,ecfp4_lightgbm,fold,2.0,regression,CYP1A2_pIC50_direct_inhibition,ST-RAE,0.9549879476049502,25,,
random,ecfp4_lightgbm,fold,2.0,regression,CYP2C9_pIC50_direct_inhibition,ST-RAE,0.8668804465898636,31,,
random,ecfp4_lightgbm,fold,2.0,regression,CYP2D6_pIC50_direct_inhibition,ST-RAE,0.8789401929371153,36,,
random,ecfp4_lightgbm,fold,2.0,regression,CYP3A4_pIC50_direct_inhibition,ST-RAE,0.6416647562720791,70,,
random,ecfp4_random_forest,fold,2.0,classification,CYP2D6_is_TDI,MCC,0.420883424647321,36,5.0,1.0
random,ecfp4_random_forest,fold,2.0,classification,CYP3A4_is_TDI,MCC,0.3820975765939022,92,20.0,19.0
random,ecfp4_random_forest,fold,2.0,regression,CYP1A2_pIC50_direct_inhibition,ST-RAE,0.8328701679348011,25,,
random,ecfp4_random_forest,fold,2.0,regression,CYP2C9_pIC50_direct_inhibition,ST-RAE,1.0271960786508099,31,,
random,ecfp4_random_forest,fold,2.0,regression,CYP2D6_pIC50_direct_inhibition,ST-RAE,0.8792665685696434,36,,
random,ecfp4_random_forest,fold,2.0,regression,CYP3A4_pIC50_direct_inhibition,ST-RAE,0.8568702196450441,70,,
random,endpoint_mean,fold,2.0,classification,CYP2D6_is_TDI,MCC,0.0,36,5.0,0.0
random,endpoint_mean,fold,2.0,classification,CYP3A4_is_TDI,MCC,0.0,92,20.0,0.0
random,endpoint_mean,fold,2.0,regression,CYP1A2_pIC50_direct_inhibition,ST-RAE,0.989354161237317,25,,
random,endpoint_mean,fold,2.0,regression,CYP2C9_pIC50_direct_inhibition,ST-RAE,1.1891948402551495,31,,
random,endpoint_mean,fold,2.0,regression,CYP2D6_pIC50_direct_inhibition,ST-RAE,1.0296091858900676,36,,
random,endpoint_mean,fold,2.0,regression,CYP3A4_pIC50_direct_inhibition,ST-RAE,1.3252158901570013,70,,
random,endpoint_median,fold,2.0,classification,CYP2D6_is_TDI,MCC,0.0,36,5.0,0.0
random,endpoint_median,fold,2.0,classification,CYP3A4_is_TDI,MCC,0.0,92,20.0,0.0
random,endpoint_median,fold,2.0,regression,CYP1A2_pIC50_direct_inhibition,ST-RAE,0.9195714361810013,25,,
random,endpoint_median,fold,2.0,regression,CYP2C9_pIC50_direct_inhibition,ST-RAE,1.1454157377915204,31,,
random,endpoint_median,fold,2.0,regression,CYP2D6_pIC50_direct_inhibition,ST-RAE,1.0513916687534668,36,,
random,endpoint_median,fold,2.0,regression,CYP3A4_pIC50_direct_inhibition,ST-RAE,1.1776121120852663,70,,
random,ecfp4_knn,fold,3.0,classification,CYP2D6_is_TDI,MCC,0.0,33,5.0,0.0
random,ecfp4_knn,fold,3.0,classification,CYP3A4_is_TDI,MCC,0.1960716229754785,95,35.0,27.0
random,ecfp4_knn,fold,3.0,regression,CYP1A2_pIC50_direct_inhibition,ST-RAE,1.0061293216354126,39,,
random,ecfp4_knn,fold,3.0,regression,CYP2C9_pIC50_direct_inhibition,ST-RAE,0.9548815946853164,39,,
random,ecfp4_knn,fold,3.0,regression,CYP2D6_pIC50_direct_inhibition,ST-RAE,0.9992511250239373,33,,
random,ecfp4_knn,fold,3.0,regression,CYP3A4_pIC50_direct_inhibition,ST-RAE,0.9194877184114963,89,,
random,ecfp4_lightgbm,fold,3.0,classification,CYP2D6_is_TDI,MCC,0.23904572186687875,33,5.0,6.0
random,ecfp4_lightgbm,fold,3.0,classification,CYP3A4_is_TDI,MCC,0.2326210525996177,95,35.0,40.0
random,ecfp4_lightgbm,fold,3.0,regression,CYP1A2_pIC50_direct_inhibition,ST-RAE,0.744815760388568,39,,
random,ecfp4_lightgbm,fold,3.0,regression,CYP2C9_pIC50_direct_inhibition,ST-RAE,0.685166548902344,39,,
random,ecfp4_lightgbm,fold,3.0,regression,CYP2D6_pIC50_direct_inhibition,ST-RAE,1.0525451969431372,33,,
random,ecfp4_lightgbm,fold,3.0,regression,CYP3A4_pIC50_direct_inhibition,ST-RAE,0.5864670157504971,89,,
random,ecfp4_random_forest,fold,3.0,classification,CYP2D6_is_TDI,MCC,-0.0747017880833996,33,5.0,1.0
random,ecfp4_random_forest,fold,3.0,classification,CYP3A4_is_TDI,MCC,0.21638563370731523,95,35.0,26.0
random,ecfp4_random_forest,fold,3.0,regression,CYP1A2_pIC50_direct_inhibition,ST-RAE,0.7980898597990443,39,,
random,ecfp4_random_forest,fold,3.0,regression,CYP2C9_pIC50_direct_inhibition,ST-RAE,0.850650291937734,39,,
random,ecfp4_random_forest,fold,3.0,regression,CYP2D6_pIC50_direct_inhibition,ST-RAE,1.0410198600856564,33,,
random,ecfp4_random_forest,fold,3.0,regression,CYP3A4_pIC50_direct_inhibition,ST-RAE,0.8088720286127932,89,,
random,endpoint_mean,fold,3.0,classification,CYP2D6_is_TDI,MCC,0.0,33,5.0,0.0
random,endpoint_mean,fold,3.0,classification,CYP3A4_is_TDI,MCC,0.0,95,35.0,0.0
random,endpoint_mean,fold,3.0,regression,CYP1A2_pIC50_direct_inhibition,ST-RAE,1.0449245278583625,39,,
random,endpoint_mean,fold,3.0,regression,CYP2C9_pIC50_direct_inhibition,ST-RAE,1.1085087008516874,39,,
random,endpoint_mean,fold,3.0,regression,CYP2D6_pIC50_direct_inhibition,ST-RAE,1.2176137961021576,33,,
random,endpoint_mean,fold,3.0,regression,CYP3A4_pIC50_direct_inhibition,ST-RAE,1.1973172201466724,89,,
random,endpoint_median,fold,3.0,classification,CYP2D6_is_TDI,MCC,0.0,33,5.0,0.0
random,endpoint_median,fold,3.0,classification,CYP3A4_is_TDI,MCC,0.0,95,35.0,0.0
random,endpoint_median,fold,3.0,regression,CYP1A2_pIC50_direct_inhibition,ST-RAE,0.9954425798011721,39,,
random,endpoint_median,fold,3.0,regression,CYP2C9_pIC50_direct_inhibition,ST-RAE,1.0778773601624307,39,,
random,endpoint_median,fold,3.0,regression,CYP2D6_pIC50_direct_inhibition,ST-RAE,1.2787605834234086,33,,
random,endpoint_median,fold,3.0,regression,CYP3A4_pIC50_direct_inhibition,ST-RAE,1.0960771957315214,89,,
random,ecfp4_knn,fold,4.0,classification,CYP2D6_is_TDI,MCC,0.2342878320018382,32,5.0,6.0
random,ecfp4_knn,fold,4.0,classification,CYP3A4_is_TDI,MCC,0.4392885515884294,95,27.0,24.0
random,ecfp4_knn,fold,4.0,regression,CYP1A2_pIC50_direct_inhibition,ST-RAE,0.9822569764957488,29,,
random,ecfp4_knn,fold,4.0,regression,CYP2C9_pIC50_direct_inhibition,ST-RAE,1.0161449568479128,30,,
random,ecfp4_knn,fold,4.0,regression,CYP2D6_pIC50_direct_inhibition,ST-RAE,0.944768924792217,32,,
random,ecfp4_knn,fold,4.0,regression,CYP3A4_pIC50_direct_inhibition,ST-RAE,0.8674183655687978,79,,
random,ecfp4_lightgbm,fold,4.0,classification,CYP2D6_is_TDI,MCC,0.4547940268270977,32,5.0,6.0
random,ecfp4_lightgbm,fold,4.0,classification,CYP3A4_is_TDI,MCC,0.4715818074033158,95,27.0,33.0
random,ecfp4_lightgbm,fold,4.0,regression,CYP1A2_pIC50_direct_inhibition,ST-RAE,0.8066093487576548,29,,
random,ecfp4_lightgbm,fold,4.0,regression,CYP2C9_pIC50_direct_inhibition,ST-RAE,0.7647457795929086,30,,
random,ecfp4_lightgbm,fold,4.0,regression,CYP2D6_pIC50_direct_inhibition,ST-RAE,0.9086858389995829,32,,
random,ecfp4_lightgbm,fold,4.0,regression,CYP3A4_pIC50_direct_inhibition,ST-RAE,0.5996002381331887,79,,
random,ecfp4_random_forest,fold,4.0,classification,CYP2D6_is_TDI,MCC,-0.07728981596002805,32,5.0,1.0
random,ecfp4_random_forest,fold,4.0,classification,CYP3A4_is_TDI,MCC,0.533287375470863,95,27.0,20.0
random,ecfp4_random_forest,fold,4.0,regression,CYP1A2_pIC50_direct_inhibition,ST-RAE,0.7568414385278598,29,,
random,ecfp4_random_forest,fold,4.0,regression,CYP2C9_pIC50_direct_inhibition,ST-RAE,0.8077290725569131,30,,
random,ecfp4_random_forest,fold,4.0,regression,CYP2D6_pIC50_direct_inhibition,ST-RAE,0.891650744231576,32,,
random,ecfp4_random_forest,fold,4.0,regression,CYP3A4_pIC50_direct_inhibition,ST-RAE,0.75365532350738,79,,
random,endpoint_mean,fold,4.0,classification,CYP2D6_is_TDI,MCC,0.0,32,5.0,0.0
random,endpoint_mean,fold,4.0,classification,CYP3A4_is_TDI,MCC,0.0,95,27.0,0.0
random,endpoint_mean,fold,4.0,regression,CYP1A2_pIC50_direct_inhibition,ST-RAE,0.9240368708586739,29,,
random,endpoint_mean,fold,4.0,regression,CYP2C9_pIC50_direct_inhibition,ST-RAE,1.0891311879196715,30,,
random,endpoint_mean,fold,4.0,regression,CYP2D6_pIC50_direct_inhibition,ST-RAE,1.0240807163095589,32,,
random,endpoint_mean,fold,4.0,regression,CYP3A4_pIC50_direct_inhibition,ST-RAE,1.1600340299004708,79,,
random,endpoint_median,fold,4.0,classification,CYP2D6_is_TDI,MCC,0.0,32,5.0,0.0
random,endpoint_median,fold,4.0,classification,CYP3A4_is_TDI,MCC,0.0,95,27.0,0.0
random,endpoint_median,fold,4.0,regression,CYP1A2_pIC50_direct_inhibition,ST-RAE,0.9429383674072803,29,,
random,endpoint_median,fold,4.0,regression,CYP2C9_pIC50_direct_inhibition,ST-RAE,1.0394703829571605,30,,
random,endpoint_median,fold,4.0,regression,CYP2D6_pIC50_direct_inhibition,ST-RAE,1.0483016848161164,32,,
random,endpoint_median,fold,4.0,regression,CYP3A4_pIC50_direct_inhibition,ST-RAE,1.0586702889373756,79,,
random,ecfp4_knn,fold,0.0,regression,MA,MA-ST-RAE,0.9183642194554978,183,,
random,ecfp4_knn,fold,1.0,regression,MA,MA-ST-RAE,1.2504745914498632,183,,
random,ecfp4_knn,fold,2.0,regression,MA,MA-ST-RAE,1.029537439420888,162,,
random,ecfp4_knn,fold,3.0,regression,MA,MA-ST-RAE,0.9699374399390407,200,,
random,ecfp4_knn,fold,4.0,regression,MA,MA-ST-RAE,0.9526473059261691,170,,
random,ecfp4_knn,pooled,,regression,MA,MA-ST-RAE,0.9926389056895438,898,,
random,ecfp4_lightgbm,fold,0.0,regression,MA,MA-ST-RAE,0.7707087972296469,183,,
random,ecfp4_lightgbm,fold,1.0,regression,MA,MA-ST-RAE,0.8936824797552276,183,,
random,ecfp4_lightgbm,fold,2.0,regression,MA,MA-ST-RAE,0.8356183358510021,162,,
random,ecfp4_lightgbm,fold,3.0,regression,MA,MA-ST-RAE,0.7672486304961366,200,,
random,ecfp4_lightgbm,fold,4.0,regression,MA,MA-ST-RAE,0.7699103013708338,170,,
random,ecfp4_lightgbm,pooled,,regression,MA,MA-ST-RAE,0.7828516490844958,898,,
random,ecfp4_random_forest,fold,0.0,regression,MA,MA-ST-RAE,0.799694195832182,183,,
random,ecfp4_random_forest,fold,1.0,regression,MA,MA-ST-RAE,0.9312888398405682,183,,
random,ecfp4_random_forest,fold,2.0,regression,MA,MA-ST-RAE,0.8990507587000746,162,,
random,ecfp4_random_forest,fold,3.0,regression,MA,MA-ST-RAE,0.874658010108807,200,,
random,ecfp4_random_forest,fold,4.0,regression,MA,MA-ST-RAE,0.8024691447059322,170,,
random,ecfp4_random_forest,pooled,,regression,MA,MA-ST-RAE,0.843227140485853,898,,
random,endpoint_mean,fold,0.0,regression,MA,MA-ST-RAE,1.0516811904851942,183,,
random,endpoint_mean,fold,1.0,regression,MA,MA-ST-RAE,1.0691726714253789,183,,
random,endpoint_mean,fold,2.0,regression,MA,MA-ST-RAE,1.1333435193848838,162,,
random,endpoint_mean,fold,3.0,regression,MA,MA-ST-RAE,1.14209106123972,200,,
random,endpoint_mean,fold,4.0,regression,MA,MA-ST-RAE,1.0493207012470938,170,,
random,endpoint_mean,pooled,,regression,MA,MA-ST-RAE,1.077366957852278,898,,
random,endpoint_median,fold,0.0,regression,MA,MA-ST-RAE,1.0066851109596526,183,,
random,endpoint_median,fold,1.0,regression,MA,MA-ST-RAE,1.0209408311503723,183,,
random,endpoint_median,fold,2.0,regression,MA,MA-ST-RAE,1.0734977387028137,162,,
random,endpoint_median,fold,3.0,regression,MA,MA-ST-RAE,1.112039429779633,200,,
random,endpoint_median,fold,4.0,regression,MA,MA-ST-RAE,1.0223451810294832,170,,
random,endpoint_median,pooled,,regression,MA,MA-ST-RAE,1.0362983400680235,898,,
murcko_scaffold,ecfp4_knn,pooled,,classification,CYP2D6_is_TDI,MCC,0.2183355823307424,177,29.0,17.0
murcko_scaffold,ecfp4_knn,pooled,,classification,CYP3A4_is_TDI,MCC,0.2823735686290729,459,133.0,102.0
murcko_scaffold,ecfp4_knn,pooled,,regression,CYP1A2_pIC50_direct_inhibition,ST-RAE,0.9370817082849269,181,,
murcko_scaffold,ecfp4_knn,pooled,,regression,CYP2C9_pIC50_direct_inhibition,ST-RAE,1.111543320091207,159,,
murcko_scaffold,ecfp4_knn,pooled,,regression,CYP2D6_pIC50_direct_inhibition,ST-RAE,1.0239551817172206,177,,
murcko_scaffold,ecfp4_knn,pooled,,regression,CYP3A4_pIC50_direct_inhibition,ST-RAE,0.9033005015355204,381,,
murcko_scaffold,ecfp4_lightgbm,pooled,,classification,CYP2D6_is_TDI,MCC,0.2033632860608608,177,29.0,22.0
murcko_scaffold,ecfp4_lightgbm,pooled,,classification,CYP3A4_is_TDI,MCC,0.33920982064977784,459,133.0,157.0
murcko_scaffold,ecfp4_lightgbm,pooled,,regression,CYP1A2_pIC50_direct_inhibition,ST-RAE,0.7914371789728316,181,,
murcko_scaffold,ecfp4_lightgbm,pooled,,regression,CYP2C9_pIC50_direct_inhibition,ST-RAE,0.8359179411945041,159,,
murcko_scaffold,ecfp4_lightgbm,pooled,,regression,CYP2D6_pIC50_direct_inhibition,ST-RAE,0.9054866505190751,177,,
murcko_scaffold,ecfp4_lightgbm,pooled,,regression,CYP3A4_pIC50_direct_inhibition,ST-RAE,0.6023039767040382,381,,
murcko_scaffold,ecfp4_random_forest,pooled,,classification,CYP2D6_is_TDI,MCC,0.05064558922760976,177,29.0,8.0
murcko_scaffold,ecfp4_random_forest,pooled,,classification,CYP3A4_is_TDI,MCC,0.2863688166189054,459,133.0,83.0
murcko_scaffold,ecfp4_random_forest,pooled,,regression,CYP1A2_pIC50_direct_inhibition,ST-RAE,0.8045403523798412,181,,
murcko_scaffold,ecfp4_random_forest,pooled,,regression,CYP2C9_pIC50_direct_inhibition,ST-RAE,0.9127062240726959,159,,
murcko_scaffold,ecfp4_random_forest,pooled,,regression,CYP2D6_pIC50_direct_inhibition,ST-RAE,0.8812464639322134,177,,
murcko_scaffold,ecfp4_random_forest,pooled,,regression,CYP3A4_pIC50_direct_inhibition,ST-RAE,0.8118997886777323,381,,
murcko_scaffold,endpoint_mean,pooled,,classification,CYP2D6_is_TDI,MCC,0.0,177,29.0,0.0
murcko_scaffold,endpoint_mean,pooled,,classification,CYP3A4_is_TDI,MCC,0.0,459,133.0,0.0
murcko_scaffold,endpoint_mean,pooled,,regression,CYP1A2_pIC50_direct_inhibition,ST-RAE,1.012915366842629,181,,
murcko_scaffold,endpoint_mean,pooled,,regression,CYP2C9_pIC50_direct_inhibition,ST-RAE,1.0962548934586467,159,,
murcko_scaffold,endpoint_mean,pooled,,regression,CYP2D6_pIC50_direct_inhibition,ST-RAE,1.0219325217142605,177,,
murcko_scaffold,endpoint_mean,pooled,,regression,CYP3A4_pIC50_direct_inhibition,ST-RAE,1.176465921119024,381,,
murcko_scaffold,endpoint_median,pooled,,classification,CYP2D6_is_TDI,MCC,0.0,177,29.0,0.0
murcko_scaffold,endpoint_median,pooled,,classification,CYP3A4_is_TDI,MCC,0.0,459,133.0,0.0
murcko_scaffold,endpoint_median,pooled,,regression,CYP1A2_pIC50_direct_inhibition,ST-RAE,0.970701123324248,181,,
murcko_scaffold,endpoint_median,pooled,,regression,CYP2C9_pIC50_direct_inhibition,ST-RAE,1.0582636580900997,159,,
murcko_scaffold,endpoint_median,pooled,,regression,CYP2D6_pIC50_direct_inhibition,ST-RAE,1.040692420282372,177,,
murcko_scaffold,endpoint_median,pooled,,regression,CYP3A4_pIC50_direct_inhibition,ST-RAE,1.0720794315151225,381,,
murcko_scaffold,ecfp4_knn,fold,0.0,classification,CYP2D6_is_TDI,MCC,0.23904572186687875,33,6.0,5.0
murcko_scaffold,ecfp4_knn,fold,0.0,classification,CYP3A4_is_TDI,MCC,0.24158450127419107,90,27.0,17.0
murcko_scaffold,ecfp4_knn,fold,0.0,regression,CYP1A2_pIC50_direct_inhibition,ST-RAE,1.1161796066749716,29,,
murcko_scaffold,ecfp4_knn,fold,0.0,regression,CYP2C9_pIC50_direct_inhibition,ST-RAE,1.505634979271096,28,,
murcko_scaffold,ecfp4_knn,fold,0.0,regression,CYP2D6_pIC50_direct_inhibition,ST-RAE,0.9266419421540399,33,,
murcko_scaffold,ecfp4_knn,fold,0.0,regression,CYP3A4_pIC50_direct_inhibition,ST-RAE,1.0628072959992776,75,,
murcko_scaffold,ecfp4_lightgbm,fold,0.0,classification,CYP2D6_is_TDI,MCC,0.33195686496194077,33,6.0,7.0
murcko_scaffold,ecfp4_lightgbm,fold,0.0,classification,CYP3A4_is_TDI,MCC,0.2735238032346739,90,27.0,32.0
murcko_scaffold,ecfp4_lightgbm,fold,0.0,regression,CYP1A2_pIC50_direct_inhibition,ST-RAE,0.8288248806765092,29,,
murcko_scaffold,ecfp4_lightgbm,fold,0.0,regression,CYP2C9_pIC50_direct_inhibition,ST-RAE,1.0316728917241307,28,,
murcko_scaffold,ecfp4_lightgbm,fold,0.0,regression,CYP2D6_pIC50_direct_inhibition,ST-RAE,0.9464842743495944,33,,
murcko_scaffold,ecfp4_lightgbm,fold,0.0,regression,CYP3A4_pIC50_direct_inhibition,ST-RAE,0.6141518202506809,75,,
murcko_scaffold,ecfp4_random_forest,fold,0.0,classification,CYP2D6_is_TDI,MCC,0.20953951903123738,33,6.0,2.0
murcko_scaffold,ecfp4_random_forest,fold,0.0,classification,CYP3A4_is_TDI,MCC,0.3148909994873157,90,27.0,19.0
murcko_scaffold,ecfp4_random_forest,fold,0.0,regression,CYP1A2_pIC50_direct_inhibition,ST-RAE,0.9430057820737769,29,,
murcko_scaffold,ecfp4_random_forest,fold,0.0,regression,CYP2C9_pIC50_direct_inhibition,ST-RAE,1.0730507836300067,28,,
murcko_scaffold,ecfp4_random_forest,fold,0.0,regression,CYP2D6_pIC50_direct_inhibition,ST-RAE,0.8950434033491002,33,,
murcko_scaffold,ecfp4_random_forest,fold,0.0,regression,CYP3A4_pIC50_direct_inhibition,ST-RAE,0.8008436013190189,75,,
murcko_scaffold,endpoint_mean,fold,0.0,classification,CYP2D6_is_TDI,MCC,0.0,33,6.0,0.0
murcko_scaffold,endpoint_mean,fold,0.0,classification,CYP3A4_is_TDI,MCC,0.0,90,27.0,0.0
murcko_scaffold,endpoint_mean,fold,0.0,regression,CYP1A2_pIC50_direct_inhibition,ST-RAE,1.2057157182041487,29,,
murcko_scaffold,endpoint_mean,fold,0.0,regression,CYP2C9_pIC50_direct_inhibition,ST-RAE,1.177942887236714,28,,
murcko_scaffold,endpoint_mean,fold,0.0,regression,CYP2D6_pIC50_direct_inhibition,ST-RAE,1.002970701294937,33,,
murcko_scaffold,endpoint_mean,fold,0.0,regression,CYP3A4_pIC50_direct_inhibition,ST-RAE,1.199167015114103,75,,
murcko_scaffold,endpoint_median,fold,0.0,classification,CYP2D6_is_TDI,MCC,0.0,33,6.0,0.0
murcko_scaffold,endpoint_median,fold,0.0,classification,CYP3A4_is_TDI,MCC,0.0,90,27.0,0.0
murcko_scaffold,endpoint_median,fold,0.0,regression,CYP1A2_pIC50_direct_inhibition,ST-RAE,1.041947700965142,29,,
murcko_scaffold,endpoint_median,fold,0.0,regression,CYP2C9_pIC50_direct_inhibition,ST-RAE,1.1256198566431983,28,,
murcko_scaffold,endpoint_median,fold,0.0,regression,CYP2D6_pIC50_direct_inhibition,ST-RAE,1.0170916811987025,33,,
murcko_scaffold,endpoint_median,fold,0.0,regression,CYP3A4_pIC50_direct_inhibition,ST-RAE,1.0898380423395067,75,,
murcko_scaffold,ecfp4_knn,fold,1.0,classification,CYP2D6_is_TDI,MCC,0.17712297710801908,39,5.0,3.0
murcko_scaffold,ecfp4_knn,fold,1.0,classification,CYP3A4_is_TDI,MCC,0.3951388888888889,91,27.0,16.0
murcko_scaffold,ecfp4_knn,fold,1.0,regression,CYP1A2_pIC50_direct_inhibition,ST-RAE,0.9295527122821102,42,,
murcko_scaffold,ecfp4_knn,fold,1.0,regression,CYP2C9_pIC50_direct_inhibition,ST-RAE,0.8104016325313165,35,,
murcko_scaffold,ecfp4_knn,fold,1.0,regression,CYP2D6_pIC50_direct_inhibition,ST-RAE,1.1397226601200032,39,,
murcko_scaffold,ecfp4_knn,fold,1.0,regression,CYP3A4_pIC50_direct_inhibition,ST-RAE,0.9496710305265347,78,,
murcko_scaffold,ecfp4_lightgbm,fold,1.0,classification,CYP2D6_is_TDI,MCC,-0.12964074471043288,39,5.0,4.0
murcko_scaffold,ecfp4_lightgbm,fold,1.0,classification,CYP3A4_is_TDI,MCC,0.31539351851851855,91,27.0,27.0
murcko_scaffold,ecfp4_lightgbm,fold,1.0,regression,CYP1A2_pIC50_direct_inhibition,ST-RAE,0.908659702069173,42,,
murcko_scaffold,ecfp4_lightgbm,fold,1.0,regression,CYP2C9_pIC50_direct_inhibition,ST-RAE,0.6791796749731894,35,,
murcko_scaffold,ecfp4_lightgbm,fold,1.0,regression,CYP2D6_pIC50_direct_inhibition,ST-RAE,0.8058539552266972,39,,
murcko_scaffold,ecfp4_lightgbm,fold,1.0,regression,CYP3A4_pIC50_direct_inhibition,ST-RAE,0.6378931476726312,78,,
murcko_scaffold,ecfp4_random_forest,fold,1.0,classification,CYP2D6_is_TDI,MCC,-0.0891578689526865,39,5.0,2.0
murcko_scaffold,ecfp4_random_forest,fold,1.0,classification,CYP3A4_is_TDI,MCC,0.3535533905932738,91,27.0,13.0
murcko_scaffold,ecfp4_random_forest,fold,1.0,regression,CYP1A2_pIC50_direct_inhibition,ST-RAE,0.9074676152692166,42,,
murcko_scaffold,ecfp4_random_forest,fold,1.0,regression,CYP2C9_pIC50_direct_inhibition,ST-RAE,0.7880346366817553,35,,
murcko_scaffold,ecfp4_random_forest,fold,1.0,regression,CYP2D6_pIC50_direct_inhibition,ST-RAE,0.8128347318097042,39,,
murcko_scaffold,ecfp4_random_forest,fold,1.0,regression,CYP3A4_pIC50_direct_inhibition,ST-RAE,0.9262763487379237,78,,
murcko_scaffold,endpoint_mean,fold,1.0,classification,CYP2D6_is_TDI,MCC,0.0,39,5.0,0.0
murcko_scaffold,endpoint_mean,fold,1.0,classification,CYP3A4_is_TDI,MCC,0.0,91,27.0,0.0
murcko_scaffold,endpoint_mean,fold,1.0,regression,CYP1A2_pIC50_direct_inhibition,ST-RAE,1.0115006195545035,42,,
murcko_scaffold,endpoint_mean,fold,1.0,regression,CYP2C9_pIC50_direct_inhibition,ST-RAE,1.05494618068541,35,,
murcko_scaffold,endpoint_mean,fold,1.0,regression,CYP2D6_pIC50_direct_inhibition,ST-RAE,1.0709942731076214,39,,
murcko_scaffold,endpoint_mean,fold,1.0,regression,CYP3A4_pIC50_direct_inhibition,ST-RAE,1.229465795533323,78,,
murcko_scaffold,endpoint_median,fold,1.0,classification,CYP2D6_is_TDI,MCC,0.0,39,5.0,0.0
murcko_scaffold,endpoint_median,fold,1.0,classification,CYP3A4_is_TDI,MCC,0.0,91,27.0,0.0
murcko_scaffold,endpoint_median,fold,1.0,regression,CYP1A2_pIC50_direct_inhibition,ST-RAE,0.9945731643494801,42,,
murcko_scaffold,endpoint_median,fold,1.0,regression,CYP2C9_pIC50_direct_inhibition,ST-RAE,1.0260491018766924,35,,
murcko_scaffold,endpoint_median,fold,1.0,regression,CYP2D6_pIC50_direct_inhibition,ST-RAE,1.1132008638967974,39,,
murcko_scaffold,endpoint_median,fold,1.0,regression,CYP3A4_pIC50_direct_inhibition,ST-RAE,1.1086819405988386,78,,
murcko_scaffold,ecfp4_knn,fold,2.0,classification,CYP2D6_is_TDI,MCC,0.2532520925696209,36,5.0,2.0
murcko_scaffold,ecfp4_knn,fold,2.0,classification,CYP3A4_is_TDI,MCC,0.20482736014751582,89,27.0,24.0
murcko_scaffold,ecfp4_knn,fold,2.0,regression,CYP1A2_pIC50_direct_inhibition,ST-RAE,0.9982939931883323,37,,
murcko_scaffold,ecfp4_knn,fold,2.0,regression,CYP2C9_pIC50_direct_inhibition,ST-RAE,0.9015926013887517,35,,
murcko_scaffold,ecfp4_knn,fold,2.0,regression,CYP2D6_pIC50_direct_inhibition,ST-RAE,1.1151401592130645,36,,
murcko_scaffold,ecfp4_knn,fold,2.0,regression,CYP3A4_pIC50_direct_inhibition,ST-RAE,0.8711969152681753,72,,
murcko_scaffold,ecfp4_lightgbm,fold,2.0,classification,CYP2D6_is_TDI,MCC,-0.06788442333021306,36,5.0,1.0
murcko_scaffold,ecfp4_lightgbm,fold,2.0,classification,CYP3A4_is_TDI,MCC,0.3193299895632819,89,27.0,35.0
murcko_scaffold,ecfp4_lightgbm,fold,2.0,regression,CYP1A2_pIC50_direct_inhibition,ST-RAE,0.6846906209778947,37,,
murcko_scaffold,ecfp4_lightgbm,fold,2.0,regression,CYP2C9_pIC50_direct_inhibition,ST-RAE,0.7430593221186343,35,,
murcko_scaffold,ecfp4_lightgbm,fold,2.0,regression,CYP2D6_pIC50_direct_inhibition,ST-RAE,0.9599054331905916,36,,
murcko_scaffold,ecfp4_lightgbm,fold,2.0,regression,CYP3A4_pIC50_direct_inhibition,ST-RAE,0.7132917786726026,72,,
murcko_scaffold,ecfp4_random_forest,fold,2.0,classification,CYP2D6_is_TDI,MCC,0.0,36,5.0,0.0
murcko_scaffold,ecfp4_random_forest,fold,2.0,classification,CYP3A4_is_TDI,MCC,0.21536116905434258,89,27.0,18.0
murcko_scaffold,ecfp4_random_forest,fold,2.0,regression,CYP1A2_pIC50_direct_inhibition,ST-RAE,0.7583135041112739,37,,
murcko_scaffold,ecfp4_random_forest,fold,2.0,regression,CYP2C9_pIC50_direct_inhibition,ST-RAE,0.8233741153801437,35,,
murcko_scaffold,ecfp4_random_forest,fold,2.0,regression,CYP2D6_pIC50_direct_inhibition,ST-RAE,0.9533919764168004,36,,
murcko_scaffold,ecfp4_random_forest,fold,2.0,regression,CYP3A4_pIC50_direct_inhibition,ST-RAE,0.8351746190588832,72,,
murcko_scaffold,endpoint_mean,fold,2.0,classification,CYP2D6_is_TDI,MCC,0.0,36,5.0,0.0
murcko_scaffold,endpoint_mean,fold,2.0,classification,CYP3A4_is_TDI,MCC,0.0,89,27.0,0.0
murcko_scaffold,endpoint_mean,fold,2.0,regression,CYP1A2_pIC50_direct_inhibition,ST-RAE,1.0305908742658105,37,,
murcko_scaffold,endpoint_mean,fold,2.0,regression,CYP2C9_pIC50_direct_inhibition,ST-RAE,1.0444628464737062,35,,
murcko_scaffold,endpoint_mean,fold,2.0,regression,CYP2D6_pIC50_direct_inhibition,ST-RAE,0.9915556331580955,36,,
murcko_scaffold,endpoint_mean,fold,2.0,regression,CYP3A4_pIC50_direct_inhibition,ST-RAE,1.1318110188109234,72,,
murcko_scaffold,endpoint_median,fold,2.0,classification,CYP2D6_is_TDI,MCC,0.0,36,5.0,0.0
murcko_scaffold,endpoint_median,fold,2.0,classification,CYP3A4_is_TDI,MCC,0.0,89,27.0,0.0
murcko_scaffold,endpoint_median,fold,2.0,regression,CYP1A2_pIC50_direct_inhibition,ST-RAE,0.9601049054226622,37,,
murcko_scaffold,endpoint_median,fold,2.0,regression,CYP2C9_pIC50_direct_inhibition,ST-RAE,1.002606563945177,35,,
murcko_scaffold,endpoint_median,fold,2.0,regression,CYP2D6_pIC50_direct_inhibition,ST-RAE,1.001272138281434,36,,
murcko_scaffold,endpoint_median,fold,2.0,regression,CYP3A4_pIC50_direct_inhibition,ST-RAE,1.0406250622793691,72,,
murcko_scaffold,ecfp4_knn,fold,3.0,classification,CYP2D6_is_TDI,MCC,0.1111111111111111,30,6.0,3.0
murcko_scaffold,ecfp4_knn,fold,3.0,classification,CYP3A4_is_TDI,MCC,0.3850113456896734,101,31.0,24.0
murcko_scaffold,ecfp4_knn,fold,3.0,regression,CYP1A2_pIC50_direct_inhibition,ST-RAE,0.8044339843546099,29,,
murcko_scaffold,ecfp4_knn,fold,3.0,regression,CYP2C9_pIC50_direct_inhibition,ST-RAE,1.2944832108489563,31,,
murcko_scaffold,ecfp4_knn,fold,3.0,regression,CYP2D6_pIC50_direct_inhibition,ST-RAE,0.8776009356329348,30,,
murcko_scaffold,ecfp4_knn,fold,3.0,regression,CYP3A4_pIC50_direct_inhibition,ST-RAE,0.9131186813242425,84,,
murcko_scaffold,ecfp4_lightgbm,fold,3.0,classification,CYP2D6_is_TDI,MCC,0.294174202707276,30,6.0,4.0
murcko_scaffold,ecfp4_lightgbm,fold,3.0,classification,CYP3A4_is_TDI,MCC,0.47422860680873674,101,31.0,37.0
murcko_scaffold,ecfp4_lightgbm,fold,3.0,regression,CYP1A2_pIC50_direct_inhibition,ST-RAE,0.6558435484609477,29,,
murcko_scaffold,ecfp4_lightgbm,fold,3.0,regression,CYP2C9_pIC50_direct_inhibition,ST-RAE,0.9401496720086738,31,,
murcko_scaffold,ecfp4_lightgbm,fold,3.0,regression,CYP2D6_pIC50_direct_inhibition,ST-RAE,0.8009163011804893,30,,
murcko_scaffold,ecfp4_lightgbm,fold,3.0,regression,CYP3A4_pIC50_direct_inhibition,ST-RAE,0.5896334871075636,84,,
murcko_scaffold,ecfp4_random_forest,fold,3.0,classification,CYP2D6_is_TDI,MCC,0.1111111111111111,30,6.0,3.0
murcko_scaffold,ecfp4_random_forest,fold,3.0,classification,CYP3A4_is_TDI,MCC,0.4167865554456104,101,31.0,16.0
murcko_scaffold,ecfp4_random_forest,fold,3.0,regression,CYP1A2_pIC50_direct_inhibition,ST-RAE,0.6705823715337419,29,,
murcko_scaffold,ecfp4_random_forest,fold,3.0,regression,CYP2C9_pIC50_direct_inhibition,ST-RAE,1.0429938499187892,31,,
murcko_scaffold,ecfp4_random_forest,fold,3.0,regression,CYP2D6_pIC50_direct_inhibition,ST-RAE,0.7492325876517353,30,,
murcko_scaffold,ecfp4_random_forest,fold,3.0,regression,CYP3A4_pIC50_direct_inhibition,ST-RAE,0.7779782114999615,84,,
murcko_scaffold,endpoint_mean,fold,3.0,classification,CYP2D6_is_TDI,MCC,0.0,30,6.0,0.0
murcko_scaffold,endpoint_mean,fold,3.0,classification,CYP3A4_is_TDI,MCC,0.0,101,31.0,0.0
murcko_scaffold,endpoint_mean,fold,3.0,regression,CYP1A2_pIC50_direct_inhibition,ST-RAE,0.9490125232899409,29,,
murcko_scaffold,endpoint_mean,fold,3.0,regression,CYP2C9_pIC50_direct_inhibition,ST-RAE,1.0991038122634806,31,,
murcko_scaffold,endpoint_mean,fold,3.0,regression,CYP2D6_pIC50_direct_inhibition,ST-RAE,1.0300291027553357,30,,
murcko_scaffold,endpoint_mean,fold,3.0,regression,CYP3A4_pIC50_direct_inhibition,ST-RAE,1.1472006613780714,84,,
murcko_scaffold,endpoint_median,fold,3.0,classification,CYP2D6_is_TDI,MCC,0.0,30,6.0,0.0
murcko_scaffold,endpoint_median,fold,3.0,classification,CYP3A4_is_TDI,MCC,0.0,101,31.0,0.0
murcko_scaffold,endpoint_median,fold,3.0,regression,CYP1A2_pIC50_direct_inhibition,ST-RAE,0.8917126289121745,29,,
murcko_scaffold,endpoint_median,fold,3.0,regression,CYP2C9_pIC50_direct_inhibition,ST-RAE,1.0613661032390482,31,,
murcko_scaffold,endpoint_median,fold,3.0,regression,CYP2D6_pIC50_direct_inhibition,ST-RAE,1.0588002168924626,30,,
murcko_scaffold,endpoint_median,fold,3.0,regression,CYP3A4_pIC50_direct_inhibition,ST-RAE,1.0459928426553904,84,,
murcko_scaffold,ecfp4_knn,fold,4.0,classification,CYP2D6_is_TDI,MCC,0.28234621965789103,39,7.0,4.0
murcko_scaffold,ecfp4_knn,fold,4.0,classification,CYP3A4_is_TDI,MCC,0.1869225302061123,88,21.0,21.0
murcko_scaffold,ecfp4_knn,fold,4.0,regression,CYP1A2_pIC50_direct_inhibition,ST-RAE,0.942314673718115,44,,
murcko_scaffold,ecfp4_knn,fold,4.0,regression,CYP2C9_pIC50_direct_inhibition,ST-RAE,1.1795171528685837,30,,
murcko_scaffold,ecfp4_knn,fold,4.0,regression,CYP2D6_pIC50_direct_inhibition,ST-RAE,1.026451854717503,39,,
murcko_scaffold,ecfp4_knn,fold,4.0,regression,CYP3A4_pIC50_direct_inhibition,ST-RAE,0.718446972175427,72,,
murcko_scaffold,ecfp4_lightgbm,fold,4.0,classification,CYP2D6_is_TDI,MCC,0.3561268014363686,39,7.0,6.0
murcko_scaffold,ecfp4_lightgbm,fold,4.0,classification,CYP3A4_is_TDI,MCC,0.2802095182824005,88,21.0,26.0
murcko_scaffold,ecfp4_lightgbm,fold,4.0,regression,CYP1A2_pIC50_direct_inhibition,ST-RAE,0.8416589646420367,44,,
murcko_scaffold,ecfp4_lightgbm,fold,4.0,regression,CYP2C9_pIC50_direct_inhibition,ST-RAE,0.8472801584322398,30,,
murcko_scaffold,ecfp4_lightgbm,fold,4.0,regression,CYP2D6_pIC50_direct_inhibition,ST-RAE,0.9329136168149088,39,,
murcko_scaffold,ecfp4_lightgbm,fold,4.0,regression,CYP3A4_pIC50_direct_inhibition,ST-RAE,0.47262954520243655,72,,
murcko_scaffold,ecfp4_random_forest,fold,4.0,classification,CYP2D6_is_TDI,MCC,-0.07587212233336049,39,7.0,1.0
murcko_scaffold,ecfp4_random_forest,fold,4.0,classification,CYP3A4_is_TDI,MCC,0.13121860808625985,88,21.0,17.0
murcko_scaffold,ecfp4_random_forest,fold,4.0,regression,CYP1A2_pIC50_direct_inhibition,ST-RAE,0.7787750076049835,44,,
murcko_scaffold,ecfp4_random_forest,fold,4.0,regression,CYP2C9_pIC50_direct_inhibition,ST-RAE,0.8857429588107204,30,,
murcko_scaffold,ecfp4_random_forest,fold,4.0,regression,CYP2D6_pIC50_direct_inhibition,ST-RAE,0.9185347626021916,39,,
murcko_scaffold,ecfp4_random_forest,fold,4.0,regression,CYP3A4_pIC50_direct_inhibition,ST-RAE,0.7301947529231569,72,,
murcko_scaffold,endpoint_mean,fold,4.0,classification,CYP2D6_is_TDI,MCC,0.0,39,7.0,0.0
murcko_scaffold,endpoint_mean,fold,4.0,classification,CYP3A4_is_TDI,MCC,0.0,88,21.0,0.0
murcko_scaffold,endpoint_mean,fold,4.0,regression,CYP1A2_pIC50_direct_inhibition,ST-RAE,0.9902800693964908,44,,
murcko_scaffold,endpoint_mean,fold,4.0,regression,CYP2C9_pIC50_direct_inhibition,ST-RAE,1.1031614993052146,30,,
murcko_scaffold,endpoint_mean,fold,4.0,regression,CYP2D6_pIC50_direct_inhibition,ST-RAE,0.9944206585996811,39,,
murcko_scaffold,endpoint_mean,fold,4.0,regression,CYP3A4_pIC50_direct_inhibition,ST-RAE,1.1755137819968993,72,,
murcko_scaffold,endpoint_median,fold,4.0,classification,CYP2D6_is_TDI,MCC,0.0,39,7.0,0.0
murcko_scaffold,endpoint_median,fold,4.0,classification,CYP3A4_is_TDI,MCC,0.0,88,21.0,0.0
murcko_scaffold,endpoint_median,fold,4.0,regression,CYP1A2_pIC50_direct_inhibition,ST-RAE,1.0044186999128109,44,,
murcko_scaffold,endpoint_median,fold,4.0,regression,CYP2C9_pIC50_direct_inhibition,ST-RAE,1.0694908666540672,30,,
murcko_scaffold,endpoint_median,fold,4.0,regression,CYP2D6_pIC50_direct_inhibition,ST-RAE,1.0002725929626817,39,,
murcko_scaffold,endpoint_median,fold,4.0,regression,CYP3A4_pIC50_direct_inhibition,ST-RAE,1.0765551368365842,72,,
murcko_scaffold,ecfp4_knn,fold,0.0,regression,MA,MA-ST-RAE,1.1528159560248463,165,,
murcko_scaffold,ecfp4_knn,fold,1.0,regression,MA,MA-ST-RAE,0.9573370088649911,194,,
murcko_scaffold,ecfp4_knn,fold,2.0,regression,MA,MA-ST-RAE,0.9715559172645809,180,,
murcko_scaffold,ecfp4_knn,fold,3.0,regression,MA,MA-ST-RAE,0.9724092030401859,174,,
murcko_scaffold,ecfp4_knn,fold,4.0,regression,MA,MA-ST-RAE,0.9666826633699072,185,,
murcko_scaffold,ecfp4_knn,pooled,,regression,MA,MA-ST-RAE,0.9939701779072188,898,,
murcko_scaffold,ecfp4_lightgbm,fold,0.0,regression,MA,MA-ST-RAE,0.8552834667502288,165,,
murcko_scaffold,ecfp4_lightgbm,fold,1.0,regression,MA,MA-ST-RAE,0.7578966199854227,194,,
murcko_scaffold,ecfp4_lightgbm,fold,2.0,regression,MA,MA-ST-RAE,0.7752367887399308,180,,
murcko_scaffold,ecfp4_lightgbm,fold,3.0,regression,MA,MA-ST-RAE,0.7466357521894187,174,,
murcko_scaffold,ecfp4_lightgbm,fold,4.0,regression,MA,MA-ST-RAE,0.7736205712729054,185,,
murcko_scaffold,ecfp4_lightgbm,pooled,,regression,MA,MA-ST-RAE,0.7837864368476123,898,,
murcko_scaffold,ecfp4_random_forest,fold,0.0,regression,MA,MA-ST-RAE,0.9279858925929757,165,,
murcko_scaffold,ecfp4_random_forest,fold,1.0,regression,MA,MA-ST-RAE,0.85865333312465,194,,
murcko_scaffold,ecfp4_random_forest,fold,2.0,regression,MA,MA-ST-RAE,0.8425635537417753,180,,
murcko_scaffold,ecfp4_random_forest,fold,3.0,regression,MA,MA-ST-RAE,0.810196755151057,174,,
murcko_scaffold,ecfp4_random_forest,fold,4.0,regression,MA,MA-ST-RAE,0.828311870485263,185,,
murcko_scaffold,ecfp4_random_forest,pooled,,regression,MA,MA-ST-RAE,0.8525982072656207,898,,
murcko_scaffold,endpoint_mean,fold,0.0,regression,MA,MA-ST-RAE,1.1464490804624756,165,,
murcko_scaffold,endpoint_mean,fold,1.0,regression,MA,MA-ST-RAE,1.0917267172202145,194,,
murcko_scaffold,endpoint_mean,fold,2.0,regression,MA,MA-ST-RAE,1.049605093177134,180,,
murcko_scaffold,endpoint_mean,fold,3.0,regression,MA,MA-ST-RAE,1.0563365249217072,174,,
murcko_scaffold,endpoint_mean,fold,4.0,regression,MA,MA-ST-RAE,1.0658440023245714,185,,
murcko_scaffold,endpoint_mean,pooled,,regression,MA,MA-ST-RAE,1.07689217578364,898,,
murcko_scaffold,endpoint_median,fold,0.0,regression,MA,MA-ST-RAE,1.0686243202866375,165,,
murcko_scaffold,endpoint_median,fold,1.0,regression,MA,MA-ST-RAE,1.060626267680452,194,,
murcko_scaffold,endpoint_median,fold,2.0,regression,MA,MA-ST-RAE,1.0011521674821606,180,,
murcko_scaffold,endpoint_median,fold,3.0,regression,MA,MA-ST-RAE,1.0144679479247691,174,,
murcko_scaffold,endpoint_median,fold,4.0,regression,MA,MA-ST-RAE,1.0376843240915359,185,,
murcko_scaffold,endpoint_median,pooled,,regression,MA,MA-ST-RAE,1.0354341583029605,898,,
family,ecfp4_knn,pooled,,classification,CYP2D6_is_TDI,MCC,0.1234923482566684,177,29.0,12.0
family,ecfp4_knn,pooled,,classification,CYP3A4_is_TDI,MCC,0.2737834992198222,459,133.0,104.0
family,ecfp4_knn,pooled,,regression,CYP1A2_pIC50_direct_inhibition,ST-RAE,1.0255612642588638,181,,
family,ecfp4_knn,pooled,,regression,CYP2C9_pIC50_direct_inhibition,ST-RAE,1.0761016165844168,159,,
family,ecfp4_knn,pooled,,regression,CYP2D6_pIC50_direct_inhibition,ST-RAE,1.0138500755121345,177,,
family,ecfp4_knn,pooled,,regression,CYP3A4_pIC50_direct_inhibition,ST-RAE,0.8544358164305406,381,,
family,ecfp4_lightgbm,pooled,,classification,CYP2D6_is_TDI,MCC,0.1921001405554262,177,29.0,23.0
family,ecfp4_lightgbm,pooled,,classification,CYP3A4_is_TDI,MCC,0.2270501046724597,459,133.0,139.0
family,ecfp4_lightgbm,pooled,,regression,CYP1A2_pIC50_direct_inhibition,ST-RAE,0.8046055130348218,181,,
family,ecfp4_lightgbm,pooled,,regression,CYP2C9_pIC50_direct_inhibition,ST-RAE,0.8240902435501912,159,,
family,ecfp4_lightgbm,pooled,,regression,CYP2D6_pIC50_direct_inhibition,ST-RAE,0.8940351743385182,177,,
family,ecfp4_lightgbm,pooled,,regression,CYP3A4_pIC50_direct_inhibition,ST-RAE,0.6766055377628409,381,,
family,ecfp4_random_forest,pooled,,classification,CYP2D6_is_TDI,MCC,-0.0673093017553773,177,29.0,4.0
family,ecfp4_random_forest,pooled,,classification,CYP3A4_is_TDI,MCC,0.2839299398024331,459,133.0,48.0
family,ecfp4_random_forest,pooled,,regression,CYP1A2_pIC50_direct_inhibition,ST-RAE,0.7957588557953752,181,,
family,ecfp4_random_forest,pooled,,regression,CYP2C9_pIC50_direct_inhibition,ST-RAE,0.9067677174799468,159,,
family,ecfp4_random_forest,pooled,,regression,CYP2D6_pIC50_direct_inhibition,ST-RAE,0.8760881806843767,177,,
family,ecfp4_random_forest,pooled,,regression,CYP3A4_pIC50_direct_inhibition,ST-RAE,0.875523180774673,381,,
family,endpoint_mean,pooled,,classification,CYP2D6_is_TDI,MCC,0.0,177,29.0,0.0
family,endpoint_mean,pooled,,classification,CYP3A4_is_TDI,MCC,0.0,459,133.0,0.0
family,endpoint_mean,pooled,,regression,CYP1A2_pIC50_direct_inhibition,ST-RAE,1.0127188788691652,181,,
family,endpoint_mean,pooled,,regression,CYP2C9_pIC50_direct_inhibition,ST-RAE,1.0979297961502497,159,,
family,endpoint_mean,pooled,,regression,CYP2D6_pIC50_direct_inhibition,ST-RAE,1.0236995460184148,177,,
family,endpoint_mean,pooled,,regression,CYP3A4_pIC50_direct_inhibition,ST-RAE,1.1767671544372678,381,,
family,endpoint_median,pooled,,classification,CYP2D6_is_TDI,MCC,0.0,177,29.0,0.0
family,endpoint_median,pooled,,classification,CYP3A4_is_TDI,MCC,0.0,459,133.0,0.0
family,endpoint_median,pooled,,regression,CYP1A2_pIC50_direct_inhibition,ST-RAE,0.9699796552969648,181,,
family,endpoint_median,pooled,,regression,CYP2C9_pIC50_direct_inhibition,ST-RAE,1.061343095583433,159,,
family,endpoint_median,pooled,,regression,CYP2D6_pIC50_direct_inhibition,ST-RAE,1.0425511460181514,177,,
family,endpoint_median,pooled,,regression,CYP3A4_pIC50_direct_inhibition,ST-RAE,1.0728340077272482,381,,
family,ecfp4_knn,fold,0.0,classification,CYP2D6_is_TDI,MCC,-0.1120035841720411,38,7.0,2.0
family,ecfp4_knn,fold,0.0,classification,CYP3A4_is_TDI,MCC,0.229910208858573,86,25.0,30.0
family,ecfp4_knn,fold,0.0,regression,CYP1A2_pIC50_direct_inhibition,ST-RAE,1.0282868103733351,43,,
family,ecfp4_knn,fold,0.0,regression,CYP2C9_pIC50_direct_inhibition,ST-RAE,1.1988791165890331,28,,
family,ecfp4_knn,fold,0.0,regression,CYP2D6_pIC50_direct_inhibition,ST-RAE,1.2024173812677486,38,,
family,ecfp4_knn,fold,0.0,regression,CYP3A4_pIC50_direct_inhibition,ST-RAE,0.9048644419051513,74,,
family,ecfp4_lightgbm,fold,0.0,classification,CYP2D6_is_TDI,MCC,0.0582104127717333,38,7.0,4.0
family,ecfp4_lightgbm,fold,0.0,classification,CYP3A4_is_TDI,MCC,0.347877981768634,86,25.0,42.0
family,ecfp4_lightgbm,fold,0.0,regression,CYP1A2_pIC50_direct_inhibition,ST-RAE,0.8917516826508363,43,,
family,ecfp4_lightgbm,fold,0.0,regression,CYP2C9_pIC50_direct_inhibition,ST-RAE,0.8206445810900721,28,,
family,ecfp4_lightgbm,fold,0.0,regression,CYP2D6_pIC50_direct_inhibition,ST-RAE,1.0979163795584732,38,,
family,ecfp4_lightgbm,fold,0.0,regression,CYP3A4_pIC50_direct_inhibition,ST-RAE,0.7186784663277462,74,,
family,ecfp4_random_forest,fold,0.0,classification,CYP2D6_is_TDI,MCC,0.0,38,7.0,0.0
family,ecfp4_random_forest,fold,0.0,classification,CYP3A4_is_TDI,MCC,0.5181426079664405,86,25.0,17.0
family,ecfp4_random_forest,fold,0.0,regression,CYP1A2_pIC50_direct_inhibition,ST-RAE,0.8762218147159998,43,,
family,ecfp4_random_forest,fold,0.0,regression,CYP2C9_pIC50_direct_inhibition,ST-RAE,0.8136600207639081,28,,
family,ecfp4_random_forest,fold,0.0,regression,CYP2D6_pIC50_direct_inhibition,ST-RAE,0.9074804814648852,38,,
family,ecfp4_random_forest,fold,0.0,regression,CYP3A4_pIC50_direct_inhibition,ST-RAE,0.90352284836936,74,,
family,endpoint_mean,fold,0.0,classification,CYP2D6_is_TDI,MCC,0.0,38,7.0,0.0
family,endpoint_mean,fold,0.0,classification,CYP3A4_is_TDI,MCC,0.0,86,25.0,0.0
family,endpoint_mean,fold,0.0,regression,CYP1A2_pIC50_direct_inhibition,ST-RAE,1.0357028695590929,43,,
family,endpoint_mean,fold,0.0,regression,CYP2C9_pIC50_direct_inhibition,ST-RAE,0.9740837529971076,28,,
family,endpoint_mean,fold,0.0,regression,CYP2D6_pIC50_direct_inhibition,ST-RAE,0.9998883443805516,38,,
family,endpoint_mean,fold,0.0,regression,CYP3A4_pIC50_direct_inhibition,ST-RAE,1.189559458370418,74,,
family,endpoint_median,fold,0.0,classification,CYP2D6_is_TDI,MCC,0.0,38,7.0,0.0
family,endpoint_median,fold,0.0,classification,CYP3A4_is_TDI,MCC,0.0,86,25.0,0.0
family,endpoint_median,fold,0.0,regression,CYP1A2_pIC50_direct_inhibition,ST-RAE,0.9999045048212328,43,,
family,endpoint_median,fold,0.0,regression,CYP2C9_pIC50_direct_inhibition,ST-RAE,0.9749829295429584,28,,
family,endpoint_median,fold,0.0,regression,CYP2D6_pIC50_direct_inhibition,ST-RAE,0.991263000580626,38,,
family,endpoint_median,fold,0.0,regression,CYP3A4_pIC50_direct_inhibition,ST-RAE,1.0932226037876611,74,,
family,ecfp4_knn,fold,1.0,classification,CYP2D6_is_TDI,MCC,0.0449013255066937,35,7.0,4.0
family,ecfp4_knn,fold,1.0,classification,CYP3A4_is_TDI,MCC,0.1897222176380183,90,28.0,16.0
family,ecfp4_knn,fold,1.0,regression,CYP1A2_pIC50_direct_inhibition,ST-RAE,1.2866085220417454,36,,
family,ecfp4_knn,fold,1.0,regression,CYP2C9_pIC50_direct_inhibition,ST-RAE,1.332811464680365,37,,
family,ecfp4_knn,fold,1.0,regression,CYP2D6_pIC50_direct_inhibition,ST-RAE,1.0110328877700692,35,,
family,ecfp4_knn,fold,1.0,regression,CYP3A4_pIC50_direct_inhibition,ST-RAE,0.800396747636471,79,,
family,ecfp4_lightgbm,fold,1.0,classification,CYP2D6_is_TDI,MCC,-0.1796053020267749,35,7.0,4.0
family,ecfp4_lightgbm,fold,1.0,classification,CYP3A4_is_TDI,MCC,0.118663594470046,90,28.0,28.0
family,ecfp4_lightgbm,fold,1.0,regression,CYP1A2_pIC50_direct_inhibition,ST-RAE,0.7912672158583262,36,,
family,ecfp4_lightgbm,fold,1.0,regression,CYP2C9_pIC50_direct_inhibition,ST-RAE,0.951015390410891,37,,
family,ecfp4_lightgbm,fold,1.0,regression,CYP2D6_pIC50_direct_inhibition,ST-RAE,0.7191035483380401,35,,
family,ecfp4_lightgbm,fold,1.0,regression,CYP3A4_pIC50_direct_inhibition,ST-RAE,0.5612143749508355,79,,
family,ecfp4_random_forest,fold,1.0,classification,CYP2D6_is_TDI,MCC,-0.0857492925712544,35,7.0,1.0
family,ecfp4_random_forest,fold,1.0,classification,CYP3A4_is_TDI,MCC,0.1090460762305419,90,28.0,6.0
family,ecfp4_random_forest,fold,1.0,regression,CYP1A2_pIC50_direct_inhibition,ST-RAE,0.7147904747224937,36,,
family,ecfp4_random_forest,fold,1.0,regression,CYP2C9_pIC50_direct_inhibition,ST-RAE,0.992554635280014,37,,
family,ecfp4_random_forest,fold,1.0,regression,CYP2D6_pIC50_direct_inhibition,ST-RAE,0.7349519093719775,35,,
family,ecfp4_random_forest,fold,1.0,regression,CYP3A4_pIC50_direct_inhibition,ST-RAE,0.7746825777445692,79,,
family,endpoint_mean,fold,1.0,classification,CYP2D6_is_TDI,MCC,0.0,35,7.0,0.0
family,endpoint_mean,fold,1.0,classification,CYP3A4_is_TDI,MCC,0.0,90,28.0,0.0
family,endpoint_mean,fold,1.0,regression,CYP1A2_pIC50_direct_inhibition,ST-RAE,1.0452243827946694,36,,
family,endpoint_mean,fold,1.0,regression,CYP2C9_pIC50_direct_inhibition,ST-RAE,1.131979399870198,37,,
family,endpoint_mean,fold,1.0,regression,CYP2D6_pIC50_direct_inhibition,ST-RAE,1.0313042212071766,35,,
family,endpoint_mean,fold,1.0,regression,CYP3A4_pIC50_direct_inhibition,ST-RAE,1.0909177938164336,79,,
family,endpoint_median,fold,1.0,classification,CYP2D6_is_TDI,MCC,0.0,35,7.0,0.0
family,endpoint_median,fold,1.0,classification,CYP3A4_is_TDI,MCC,0.0,90,28.0,0.0
family,endpoint_median,fold,1.0,regression,CYP1A2_pIC50_direct_inhibition,ST-RAE,0.9643425179100092,36,,
family,endpoint_median,fold,1.0,regression,CYP2C9_pIC50_direct_inhibition,ST-RAE,1.0782706872435632,37,,
family,endpoint_median,fold,1.0,regression,CYP2D6_pIC50_direct_inhibition,ST-RAE,1.0515622894471808,35,,
family,endpoint_median,fold,1.0,regression,CYP3A4_pIC50_direct_inhibition,ST-RAE,1.0152514670063395,79,,
family,ecfp4_knn,fold,2.0,classification,CYP2D6_is_TDI,MCC,0.3816561946629568,42,5.0,4.0
family,ecfp4_knn,fold,2.0,classification,CYP3A4_is_TDI,MCC,-0.0460437410798561,87,14.0,9.0
family,ecfp4_knn,fold,2.0,regression,CYP1A2_pIC50_direct_inhibition,ST-RAE,0.9208728128789374,41,,
family,ecfp4_knn,fold,2.0,regression,CYP2C9_pIC50_direct_inhibition,ST-RAE,1.0427460924156655,28,,
family,ecfp4_knn,fold,2.0,regression,CYP2D6_pIC50_direct_inhibition,ST-RAE,1.1314756751477917,42,,
family,ecfp4_knn,fold,2.0,regression,CYP3A4_pIC50_direct_inhibition,ST-RAE,0.8471533740596886,71,,
family,ecfp4_lightgbm,fold,2.0,classification,CYP2D6_is_TDI,MCC,0.4274373669939289,42,5.0,7.0
family,ecfp4_lightgbm,fold,2.0,classification,CYP3A4_is_TDI,MCC,0.2984952436679474,87,14.0,19.0
family,ecfp4_lightgbm,fold,2.0,regression,CYP1A2_pIC50_direct_inhibition,ST-RAE,0.7554762588406884,41,,
family,ecfp4_lightgbm,fold,2.0,regression,CYP2C9_pIC50_direct_inhibition,ST-RAE,0.9507816518832046,28,,
family,ecfp4_lightgbm,fold,2.0,regression,CYP2D6_pIC50_direct_inhibition,ST-RAE,1.012794433253387,42,,
family,ecfp4_lightgbm,fold,2.0,regression,CYP3A4_pIC50_direct_inhibition,ST-RAE,0.5493198732485366,71,,
family,ecfp4_random_forest,fold,2.0,classification,CYP2D6_is_TDI,MCC,-0.0821994936526786,42,5.0,2.0
family,ecfp4_random_forest,fold,2.0,classification,CYP3A4_is_TDI,MCC,0.2511479767507418,87,14.0,6.0
family,ecfp4_random_forest,fold,2.0,regression,CYP1A2_pIC50_direct_inhibition,ST-RAE,0.7993318290767901,41,,
family,ecfp4_random_forest,fold,2.0,regression,CYP2C9_pIC50_direct_inhibition,ST-RAE,1.0554941050773272,28,,
family,ecfp4_random_forest,fold,2.0,regression,CYP2D6_pIC50_direct_inhibition,ST-RAE,1.0220056554970625,42,,
family,ecfp4_random_forest,fold,2.0,regression,CYP3A4_pIC50_direct_inhibition,ST-RAE,0.7289327815404297,71,,
family,endpoint_mean,fold,2.0,classification,CYP2D6_is_TDI,MCC,0.0,42,5.0,0.0
family,endpoint_mean,fold,2.0,classification,CYP3A4_is_TDI,MCC,0.0,87,14.0,0.0
family,endpoint_mean,fold,2.0,regression,CYP1A2_pIC50_direct_inhibition,ST-RAE,0.9897721781704466,41,,
family,endpoint_mean,fold,2.0,regression,CYP2C9_pIC50_direct_inhibition,ST-RAE,1.3919456394766447,28,,
family,endpoint_mean,fold,2.0,regression,CYP2D6_pIC50_direct_inhibition,ST-RAE,1.1441834842062593,42,,
family,endpoint_mean,fold,2.0,regression,CYP3A4_pIC50_direct_inhibition,ST-RAE,1.0990788626990633,71,,
family,endpoint_median,fold,2.0,classification,CYP2D6_is_TDI,MCC,0.0,42,5.0,0.0
family,endpoint_median,fold,2.0,classification,CYP3A4_is_TDI,MCC,0.0,87,14.0,0.0
family,endpoint_median,fold,2.0,regression,CYP1A2_pIC50_direct_inhibition,ST-RAE,0.9700084998964138,41,,
family,endpoint_median,fold,2.0,regression,CYP2C9_pIC50_direct_inhibition,ST-RAE,1.3329130380607164,28,,
family,endpoint_median,fold,2.0,regression,CYP2D6_pIC50_direct_inhibition,ST-RAE,1.1958098473718446,42,,
family,endpoint_median,fold,2.0,regression,CYP3A4_pIC50_direct_inhibition,ST-RAE,1.005283677699614,71,,
family,ecfp4_knn,fold,3.0,classification,CYP2D6_is_TDI,MCC,-0.0658807845868412,37,5.0,1.0
family,ecfp4_knn,fold,3.0,classification,CYP3A4_is_TDI,MCC,0.2672248935506482,87,36.0,26.0
family,ecfp4_knn,fold,3.0,regression,CYP1A2_pIC50_direct_inhibition,ST-RAE,1.0399120434375029,39,,
family,ecfp4_knn,fold,3.0,regression,CYP2C9_pIC50_direct_inhibition,ST-RAE,1.0629504465806785,35,,
family,ecfp4_knn,fold,3.0,regression,CYP2D6_pIC50_direct_inhibition,ST-RAE,0.8405159466176916,37,,
family,ecfp4_knn,fold,3.0,regression,CYP3A4_pIC50_direct_inhibition,ST-RAE,0.9920609437561232,71,,
family,ecfp4_lightgbm,fold,3.0,classification,CYP2D6_is_TDI,MCC,0.3715752707301467,37,5.0,4.0
family,ecfp4_lightgbm,fold,3.0,classification,CYP3A4_is_TDI,MCC,0.1426399774138396,87,36.0,27.0
family,ecfp4_lightgbm,fold,3.0,regression,CYP1A2_pIC50_direct_inhibition,ST-RAE,0.805619110461065,39,,
family,ecfp4_lightgbm,fold,3.0,regression,CYP2C9_pIC50_direct_inhibition,ST-RAE,0.910904950149958,35,,
family,ecfp4_lightgbm,fold,3.0,regression,CYP2D6_pIC50_direct_inhibition,ST-RAE,0.8735913194719922,37,,
family,ecfp4_lightgbm,fold,3.0,regression,CYP3A4_pIC50_direct_inhibition,ST-RAE,0.9035474174506826,71,,
family,ecfp4_random_forest,fold,3.0,classification,CYP2D6_is_TDI,MCC,-0.0658807845868412,37,5.0,1.0
family,ecfp4_random_forest,fold,3.0,classification,CYP3A4_is_TDI,MCC,0.2094197544705749,87,36.0,10.0
family,ecfp4_random_forest,fold,3.0,regression,CYP1A2_pIC50_direct_inhibition,ST-RAE,0.8248339174009438,39,,
family,ecfp4_random_forest,fold,3.0,regression,CYP2C9_pIC50_direct_inhibition,ST-RAE,1.0253879159925086,35,,
family,ecfp4_random_forest,fold,3.0,regression,CYP2D6_pIC50_direct_inhibition,ST-RAE,0.8622287860201134,37,,
family,ecfp4_random_forest,fold,3.0,regression,CYP3A4_pIC50_direct_inhibition,ST-RAE,1.1041623018687765,71,,
family,endpoint_mean,fold,3.0,classification,CYP2D6_is_TDI,MCC,0.0,37,5.0,0.0
family,endpoint_mean,fold,3.0,classification,CYP3A4_is_TDI,MCC,0.0,87,36.0,0.0
family,endpoint_mean,fold,3.0,regression,CYP1A2_pIC50_direct_inhibition,ST-RAE,1.016435771318776,39,,
family,endpoint_mean,fold,3.0,regression,CYP2C9_pIC50_direct_inhibition,ST-RAE,1.0429728986424114,35,,
family,endpoint_mean,fold,3.0,regression,CYP2D6_pIC50_direct_inhibition,ST-RAE,1.0208569745215514,37,,
family,endpoint_mean,fold,3.0,regression,CYP3A4_pIC50_direct_inhibition,ST-RAE,1.3222180691362244,71,,
family,endpoint_median,fold,3.0,classification,CYP2D6_is_TDI,MCC,0.0,37,5.0,0.0
family,endpoint_median,fold,3.0,classification,CYP3A4_is_TDI,MCC,0.0,87,36.0,0.0
family,endpoint_median,fold,3.0,regression,CYP1A2_pIC50_direct_inhibition,ST-RAE,0.965944434620024,39,,
family,endpoint_median,fold,3.0,regression,CYP2C9_pIC50_direct_inhibition,ST-RAE,1.022572637454659,35,,
family,endpoint_median,fold,3.0,regression,CYP2D6_pIC50_direct_inhibition,ST-RAE,1.0372317796833064,37,,
family,endpoint_median,fold,3.0,regression,CYP3A4_pIC50_direct_inhibition,ST-RAE,1.1755211901451612,71,,
family,ecfp4_knn,fold,4.0,classification,CYP2D6_is_TDI,MCC,0.408248290463863,25,5.0,1.0
family,ecfp4_knn,fold,4.0,classification,CYP3A4_is_TDI,MCC,0.4868030541023113,109,30.0,23.0
family,ecfp4_knn,fold,4.0,regression,CYP1A2_pIC50_direct_inhibition,ST-RAE,0.8811142771377599,22,,
family,ecfp4_knn,fold,4.0,regression,CYP2C9_pIC50_direct_inhibition,ST-RAE,0.931262718506042,31,,
family,ecfp4_knn,fold,4.0,regression,CYP2D6_pIC50_direct_inhibition,ST-RAE,1.034019874006465,25,,
family,ecfp4_knn,fold,4.0,regression,CYP3A4_pIC50_direct_inhibition,ST-RAE,0.7614024778415468,86,,
family,ecfp4_lightgbm,fold,4.0,classification,CYP2D6_is_TDI,MCC,0.3273268353539886,25,5.0,4.0
family,ecfp4_lightgbm,fold,4.0,classification,CYP3A4_is_TDI,MCC,0.2350880024080421,109,30.0,23.0
family,ecfp4_lightgbm,fold,4.0,regression,CYP1A2_pIC50_direct_inhibition,ST-RAE,0.7266904882057369,22,,
family,ecfp4_lightgbm,fold,4.0,regression,CYP2C9_pIC50_direct_inhibition,ST-RAE,0.4687690292119448,31,,
family,ecfp4_lightgbm,fold,4.0,regression,CYP2D6_pIC50_direct_inhibition,ST-RAE,0.8752493742461461,25,,
family,ecfp4_lightgbm,fold,4.0,regression,CYP3A4_pIC50_direct_inhibition,ST-RAE,0.6790860982417997,86,,
family,ecfp4_random_forest,fold,4.0,classification,CYP2D6_is_TDI,MCC,0.0,25,5.0,0.0
family,ecfp4_random_forest,fold,4.0,classification,CYP3A4_is_TDI,MCC,0.2629273696056835,109,30.0,9.0
family,ecfp4_random_forest,fold,4.0,regression,CYP1A2_pIC50_direct_inhibition,ST-RAE,0.6611613096146386,22,,
family,ecfp4_random_forest,fold,4.0,regression,CYP2C9_pIC50_direct_inhibition,ST-RAE,0.691049259089338,31,,
family,ecfp4_random_forest,fold,4.0,regression,CYP2D6_pIC50_direct_inhibition,ST-RAE,0.9352113610703892,25,,
family,ecfp4_random_forest,fold,4.0,regression,CYP3A4_pIC50_direct_inhibition,ST-RAE,0.8985807536033438,86,,
family,endpoint_mean,fold,4.0,classification,CYP2D6_is_TDI,MCC,0.0,25,5.0,0.0
family,endpoint_mean,fold,4.0,classification,CYP3A4_is_TDI,MCC,0.0,109,30.0,0.0
family,endpoint_mean,fold,4.0,regression,CYP1A2_pIC50_direct_inhibition,ST-RAE,0.9439841444918756,22,,
family,endpoint_mean,fold,4.0,regression,CYP2C9_pIC50_direct_inhibition,ST-RAE,1.2300134126929825,31,,
family,endpoint_mean,fold,4.0,regression,CYP2D6_pIC50_direct_inhibition,ST-RAE,1.0,25,,
family,endpoint_mean,fold,4.0,regression,CYP3A4_pIC50_direct_inhibition,ST-RAE,1.213929097237982,86,,
family,endpoint_median,fold,4.0,classification,CYP2D6_is_TDI,MCC,0.0,25,5.0,0.0
family,endpoint_median,fold,4.0,classification,CYP3A4_is_TDI,MCC,0.0,109,30.0,0.0
family,endpoint_median,fold,4.0,regression,CYP1A2_pIC50_direct_inhibition,ST-RAE,0.9019340529975785,22,,
family,endpoint_median,fold,4.0,regression,CYP2C9_pIC50_direct_inhibition,ST-RAE,1.141483888672531,31,,
family,endpoint_median,fold,4.0,regression,CYP2D6_pIC50_direct_inhibition,ST-RAE,1.0024008692710675,25,,
family,endpoint_median,fold,4.0,regression,CYP3A4_pIC50_direct_inhibition,ST-RAE,1.1008973657254435,86,,
family,ecfp4_knn,fold,0.0,regression,MA,MA-ST-RAE,1.0836119375338171,183,,
family,ecfp4_knn,fold,1.0,regression,MA,MA-ST-RAE,1.1077124055321623,187,,
family,ecfp4_knn,fold,2.0,regression,MA,MA-ST-RAE,0.9855619886255208,182,,
family,ecfp4_knn,fold,3.0,regression,MA,MA-ST-RAE,0.9838598450979992,182,,
family,ecfp4_knn,fold,4.0,regression,MA,MA-ST-RAE,0.9019498368729534,164,,
family,ecfp4_knn,pooled,,regression,MA,MA-ST-RAE,0.9924871931964888,898,,
family,ecfp4_lightgbm,fold,0.0,regression,MA,MA-ST-RAE,0.882247777406782,183,,
family,ecfp4_lightgbm,fold,1.0,regression,MA,MA-ST-RAE,0.7556501323895232,187,,
family,ecfp4_lightgbm,fold,2.0,regression,MA,MA-ST-RAE,0.8170930543064542,182,,
family,ecfp4_lightgbm,fold,3.0,regression,MA,MA-ST-RAE,0.8734156993834244,182,,
family,ecfp4_lightgbm,fold,4.0,regression,MA,MA-ST-RAE,0.6874487474764068,164,,
family,ecfp4_lightgbm,pooled,,regression,MA,MA-ST-RAE,0.799834117171593,898,,
family,ecfp4_random_forest,fold,0.0,regression,MA,MA-ST-RAE,0.8752212913285382,183,,
family,ecfp4_random_forest,fold,1.0,regression,MA,MA-ST-RAE,0.8042448992797635,187,,
family,ecfp4_random_forest,fold,2.0,regression,MA,MA-ST-RAE,0.9014410927979024,182,,
family,ecfp4_random_forest,fold,3.0,regression,MA,MA-ST-RAE,0.9541532303205856,182,,
family,ecfp4_random_forest,fold,4.0,regression,MA,MA-ST-RAE,0.7965006708444274,164,,
family,ecfp4_random_forest,pooled,,regression,MA,MA-ST-RAE,0.8635344836835929,898,,
family,endpoint_mean,fold,0.0,regression,MA,MA-ST-RAE,1.0498086063267926,183,,
family,endpoint_mean,fold,1.0,regression,MA,MA-ST-RAE,1.0748564494221196,187,,
family,endpoint_mean,fold,2.0,regression,MA,MA-ST-RAE,1.1562450411381031,182,,
family,endpoint_mean,fold,3.0,regression,MA,MA-ST-RAE,1.1006209284047408,182,,
family,endpoint_mean,fold,4.0,regression,MA,MA-ST-RAE,1.09698166360571,164,,
family,endpoint_mean,pooled,,regression,MA,MA-ST-RAE,1.0777788438687743,898,,
family,endpoint_median,fold,0.0,regression,MA,MA-ST-RAE,1.0148432596831196,183,,
family,endpoint_median,fold,1.0,regression,MA,MA-ST-RAE,1.0273567404017732,187,,
family,endpoint_median,fold,2.0,regression,MA,MA-ST-RAE,1.1260037657571471,182,,
family,endpoint_median,fold,3.0,regression,MA,MA-ST-RAE,1.0503175104757876,182,,
family,endpoint_median,fold,4.0,regression,MA,MA-ST-RAE,1.0366790441666551,164,,
family,endpoint_median,pooled,,regression,MA,MA-ST-RAE,1.0366769761564494,898,,
