split_scheme,model,fold,endpoint,seconds,n_train,n_test
random,endpoint_mean,0,CYP1A2_pIC50_direct_inhibition,0.0011615829998845584,1366,46
random,endpoint_median,0,CYP1A2_pIC50_direct_inhibition,0.0008708639998076251,1366,46
random,ecfp4_knn,0,CYP1A2_pIC50_direct_inhibition,0.010803089999626536,1366,46
random,ecfp4_random_forest,0,CYP1A2_pIC50_direct_inhibition,0.6301705429996218,1366,46
random,ecfp4_lightgbm,0,CYP1A2_pIC50_direct_inhibition,0.3391057159997217,1366,46
random,endpoint_mean,0,CYP2C9_pIC50_direct_inhibition,0.0005568700003095728,1256,29
random,endpoint_median,0,CYP2C9_pIC50_direct_inhibition,0.00029677800011995714,1256,29
random,ecfp4_knn,0,CYP2C9_pIC50_direct_inhibition,0.006658577000052901,1256,29
random,ecfp4_random_forest,0,CYP2C9_pIC50_direct_inhibition,0.6030391360000067,1256,29
random,ecfp4_lightgbm,0,CYP2C9_pIC50_direct_inhibition,0.3051711120001528,1256,29
random,endpoint_mean,0,CYP2D6_pIC50_direct_inhibition,0.0005832599999848753,1453,40
random,endpoint_median,0,CYP2D6_pIC50_direct_inhibition,0.0003115999998044572,1453,40
random,ecfp4_knn,0,CYP2D6_pIC50_direct_inhibition,0.0101124479997452,1453,40
random,ecfp4_random_forest,0,CYP2D6_pIC50_direct_inhibition,0.8197198530001515,1453,40
random,ecfp4_lightgbm,0,CYP2D6_pIC50_direct_inhibition,0.3703382859998783,1453,40
random,endpoint_mean,0,CYP3A4_pIC50_direct_inhibition,0.0014459610001722467,2267,68
random,endpoint_median,0,CYP3A4_pIC50_direct_inhibition,0.0007860759997129207,2267,68
random,ecfp4_knn,0,CYP3A4_pIC50_direct_inhibition,0.02558124899996983,2267,68
random,ecfp4_random_forest,0,CYP3A4_pIC50_direct_inhibition,1.1263174020000406,2267,68
random,ecfp4_lightgbm,0,CYP3A4_pIC50_direct_inhibition,0.6217266730000119,2267,68
random,endpoint_mean,0,CYP3A4_is_TDI,0.0015677760002290597,3498,86
random,endpoint_median,0,CYP3A4_is_TDI,0.0009626030000617902,3498,86
random,ecfp4_knn,0,CYP3A4_is_TDI,0.043507436999789206,3498,86
random,ecfp4_random_forest,0,CYP3A4_is_TDI,5.953108644999702,3498,86
random,ecfp4_lightgbm,0,CYP3A4_is_TDI,0.5940880090001883,3498,86
random,endpoint_mean,0,CYP2D6_is_TDI,0.0008849850000842707,1457,40
random,endpoint_median,0,CYP2D6_is_TDI,0.0003049300003112876,1457,40
random,ecfp4_knn,0,CYP2D6_is_TDI,0.010638953000125184,1457,40
random,ecfp4_random_forest,0,CYP2D6_is_TDI,0.9384246579998035,1457,40
random,ecfp4_lightgbm,0,CYP2D6_is_TDI,0.722503909000352,1457,40
random,endpoint_mean,1,CYP1A2_pIC50_direct_inhibition,0.001345229999969888,1370,42
random,endpoint_median,1,CYP1A2_pIC50_direct_inhibition,0.00044461099969339557,1370,42
random,ecfp4_knn,1,CYP1A2_pIC50_direct_inhibition,0.011084675999882165,1370,42
random,ecfp4_random_forest,1,CYP1A2_pIC50_direct_inhibition,0.6880447510002341,1370,42
random,ecfp4_lightgbm,1,CYP1A2_pIC50_direct_inhibition,0.6422032880000188,1370,42
random,endpoint_mean,1,CYP2C9_pIC50_direct_inhibition,0.0005959689997325768,1255,30
random,endpoint_median,1,CYP2C9_pIC50_direct_inhibition,0.00035807999984172056,1255,30
random,ecfp4_knn,1,CYP2C9_pIC50_direct_inhibition,0.007858938000026683,1255,30
random,ecfp4_random_forest,1,CYP2C9_pIC50_direct_inhibition,0.615889132999655,1255,30
random,ecfp4_lightgbm,1,CYP2C9_pIC50_direct_inhibition,0.7004182499999843,1255,30
random,endpoint_mean,1,CYP2D6_pIC50_direct_inhibition,0.0007343579995904292,1457,36
random,endpoint_median,1,CYP2D6_pIC50_direct_inhibition,0.0004009150002275419,1457,36
random,ecfp4_knn,1,CYP2D6_pIC50_direct_inhibition,0.009419503000117402,1457,36
random,ecfp4_random_forest,1,CYP2D6_pIC50_direct_inhibition,0.837586224000006,1457,36
random,ecfp4_lightgbm,1,CYP2D6_pIC50_direct_inhibition,0.606685550000293,1457,36
random,endpoint_mean,1,CYP3A4_pIC50_direct_inhibition,0.0009899729998323892,2260,75
random,endpoint_median,1,CYP3A4_pIC50_direct_inhibition,0.0007394560002467188,2260,75
random,ecfp4_knn,1,CYP3A4_pIC50_direct_inhibition,0.027922010000111186,2260,75
random,ecfp4_random_forest,1,CYP3A4_pIC50_direct_inhibition,1.036265192999963,2260,75
random,ecfp4_lightgbm,1,CYP3A4_pIC50_direct_inhibition,0.43200168200019107,2260,75
random,endpoint_mean,1,CYP3A4_is_TDI,0.0013338929998099047,3493,91
random,endpoint_median,1,CYP3A4_is_TDI,0.0008961419998740894,3493,91
random,ecfp4_knn,1,CYP3A4_is_TDI,0.04700351699966632,3493,91
random,ecfp4_random_forest,1,CYP3A4_is_TDI,2.1325444439999046,3493,91
random,ecfp4_lightgbm,1,CYP3A4_is_TDI,0.8997944449997703,3493,91
random,endpoint_mean,1,CYP2D6_is_TDI,0.0006963309997445322,1461,36
random,endpoint_median,1,CYP2D6_is_TDI,0.00036786500004382106,1461,36
random,ecfp4_knn,1,CYP2D6_is_TDI,0.008982993999779865,1461,36
random,ecfp4_random_forest,1,CYP2D6_is_TDI,1.121477177000088,1461,36
random,ecfp4_lightgbm,1,CYP2D6_is_TDI,0.3432021460002943,1461,36
random,endpoint_mean,2,CYP1A2_pIC50_direct_inhibition,0.0008467279999422317,1387,25
random,endpoint_median,2,CYP1A2_pIC50_direct_inhibition,0.0004186309997749049,1387,25
random,ecfp4_knn,2,CYP1A2_pIC50_direct_inhibition,0.007360165999671153,1387,25
random,ecfp4_random_forest,2,CYP1A2_pIC50_direct_inhibition,0.6888004269999328,1387,25
random,ecfp4_lightgbm,2,CYP1A2_pIC50_direct_inhibition,0.3616985100002239,1387,25
random,endpoint_mean,2,CYP2C9_pIC50_direct_inhibition,0.0006397749998541258,1254,31
random,endpoint_median,2,CYP2C9_pIC50_direct_inhibition,0.00028368799985400983,1254,31
random,ecfp4_knn,2,CYP2C9_pIC50_direct_inhibition,0.008287535000363278,1254,31
random,ecfp4_random_forest,2,CYP2C9_pIC50_direct_inhibition,0.6479621610001232,1254,31
random,ecfp4_lightgbm,2,CYP2C9_pIC50_direct_inhibition,0.3294637110002441,1254,31
random,endpoint_mean,2,CYP2D6_pIC50_direct_inhibition,0.000822520999918197,1457,36
random,endpoint_median,2,CYP2D6_pIC50_direct_inhibition,0.0004380410000521806,1457,36
random,ecfp4_knn,2,CYP2D6_pIC50_direct_inhibition,0.009265760999824124,1457,36
random,ecfp4_random_forest,2,CYP2D6_pIC50_direct_inhibition,0.7301699669997106,1457,36
random,ecfp4_lightgbm,2,CYP2D6_pIC50_direct_inhibition,0.40991788399969664,1457,36
random,endpoint_mean,2,CYP3A4_pIC50_direct_inhibition,0.0011542920001375023,2265,70
random,endpoint_median,2,CYP3A4_pIC50_direct_inhibition,0.0007153189999371534,2265,70
random,ecfp4_knn,2,CYP3A4_pIC50_direct_inhibition,0.025407417999758763,2265,70
random,ecfp4_random_forest,2,CYP3A4_pIC50_direct_inhibition,1.0452595279998604,2265,70
random,ecfp4_lightgbm,2,CYP3A4_pIC50_direct_inhibition,0.5428602189999765,2265,70
random,endpoint_mean,2,CYP3A4_is_TDI,0.0014834989997325465,3492,92
random,endpoint_median,2,CYP3A4_is_TDI,0.0009939689998645918,3492,92
random,ecfp4_knn,2,CYP3A4_is_TDI,0.04676666600016688,3492,92
random,ecfp4_random_forest,2,CYP3A4_is_TDI,1.9347871269997086,3492,92
random,ecfp4_lightgbm,2,CYP3A4_is_TDI,0.8454242590000831,3492,92
random,endpoint_mean,2,CYP2D6_is_TDI,0.0007056750000629108,1461,36
random,endpoint_median,2,CYP2D6_is_TDI,0.00031996300003811484,1461,36
random,ecfp4_knn,2,CYP2D6_is_TDI,0.009879026999897178,1461,36
random,ecfp4_random_forest,2,CYP2D6_is_TDI,0.9375820440000098,1461,36
random,ecfp4_lightgbm,2,CYP2D6_is_TDI,0.525865203000194,1461,36
random,endpoint_mean,3,CYP1A2_pIC50_direct_inhibition,0.0006513729999824136,1373,39
random,endpoint_median,3,CYP1A2_pIC50_direct_inhibition,0.0003678449998005817,1373,39
random,ecfp4_knn,3,CYP1A2_pIC50_direct_inhibition,0.009171458999844617,1373,39
random,ecfp4_random_forest,3,CYP1A2_pIC50_direct_inhibition,0.6196791479997046,1373,39
random,ecfp4_lightgbm,3,CYP1A2_pIC50_direct_inhibition,0.7460716669997964,1373,39
random,endpoint_mean,3,CYP2C9_pIC50_direct_inhibition,0.0006377529998644604,1246,39
random,endpoint_median,3,CYP2C9_pIC50_direct_inhibition,0.00028696300023511867,1246,39
random,ecfp4_knn,3,CYP2C9_pIC50_direct_inhibition,0.008796644000085507,1246,39
random,ecfp4_random_forest,3,CYP2C9_pIC50_direct_inhibition,0.7225804049999169,1246,39
random,ecfp4_lightgbm,3,CYP2C9_pIC50_direct_inhibition,0.37141824799982714,1246,39
random,endpoint_mean,3,CYP2D6_pIC50_direct_inhibition,0.0009425930002180394,1460,33
random,endpoint_median,3,CYP2D6_pIC50_direct_inhibition,0.0005225180002526031,1460,33
random,ecfp4_knn,3,CYP2D6_pIC50_direct_inhibition,0.00942839700019249,1460,33
random,ecfp4_random_forest,3,CYP2D6_pIC50_direct_inhibition,0.8465763169997444,1460,33
random,ecfp4_lightgbm,3,CYP2D6_pIC50_direct_inhibition,0.6814366599996902,1460,33
random,endpoint_mean,3,CYP3A4_pIC50_direct_inhibition,0.000994891000118514,2246,89
random,endpoint_median,3,CYP3A4_pIC50_direct_inhibition,0.001148472999830119,2246,89
random,ecfp4_knn,3,CYP3A4_pIC50_direct_inhibition,0.034414358000049106,2246,89
random,ecfp4_random_forest,3,CYP3A4_pIC50_direct_inhibition,1.0727233020002132,2246,89
random,ecfp4_lightgbm,3,CYP3A4_pIC50_direct_inhibition,0.5150570399996468,2246,89
random,endpoint_mean,3,CYP3A4_is_TDI,0.0014729530003023683,3489,95
random,endpoint_median,3,CYP3A4_is_TDI,0.0012954349999745318,3489,95
random,ecfp4_knn,3,CYP3A4_is_TDI,0.050855219999903056,3489,95
random,ecfp4_random_forest,3,CYP3A4_is_TDI,2.0942484610000065,3489,95
random,ecfp4_lightgbm,3,CYP3A4_is_TDI,0.865195090999805,3489,95
random,endpoint_mean,3,CYP2D6_is_TDI,0.0007213089998003852,1464,33
random,endpoint_median,3,CYP2D6_is_TDI,0.00031964199979483965,1464,33
random,ecfp4_knn,3,CYP2D6_is_TDI,0.008516339999914635,1464,33
random,ecfp4_random_forest,3,CYP2D6_is_TDI,1.0426959199999146,1464,33
random,ecfp4_lightgbm,3,CYP2D6_is_TDI,0.3659415929996612,1464,33
random,endpoint_mean,4,CYP1A2_pIC50_direct_inhibition,0.0011994299998150382,1383,29
random,endpoint_median,4,CYP1A2_pIC50_direct_inhibition,0.0004958780000379193,1383,29
random,ecfp4_knn,4,CYP1A2_pIC50_direct_inhibition,0.008043585999985225,1383,29
random,ecfp4_random_forest,4,CYP1A2_pIC50_direct_inhibition,1.889568785999927,1383,29
random,ecfp4_lightgbm,4,CYP1A2_pIC50_direct_inhibition,0.8740355129998534,1383,29
random,endpoint_mean,4,CYP2C9_pIC50_direct_inhibition,0.0013420750001387205,1255,30
random,endpoint_median,4,CYP2C9_pIC50_direct_inhibition,0.0005409860000327171,1255,30
random,ecfp4_knn,4,CYP2C9_pIC50_direct_inhibition,0.008312072000080661,1255,30
random,ecfp4_random_forest,4,CYP2C9_pIC50_direct_inhibition,0.6638444639997942,1255,30
random,ecfp4_lightgbm,4,CYP2C9_pIC50_direct_inhibition,0.3787458400001924,1255,30
random,endpoint_mean,4,CYP2D6_pIC50_direct_inhibition,0.0010608760003378848,1461,32
random,endpoint_median,4,CYP2D6_pIC50_direct_inhibition,0.0006230300000424904,1461,32
random,ecfp4_knn,4,CYP2D6_pIC50_direct_inhibition,0.009425038999779645,1461,32
random,ecfp4_random_forest,4,CYP2D6_pIC50_direct_inhibition,0.7409838919998037,1461,32
random,ecfp4_lightgbm,4,CYP2D6_pIC50_direct_inhibition,0.3562095919996864,1461,32
random,endpoint_mean,4,CYP3A4_pIC50_direct_inhibition,0.0009919369999806804,2256,79
random,endpoint_median,4,CYP3A4_pIC50_direct_inhibition,0.0006250829997043184,2256,79
random,ecfp4_knn,4,CYP3A4_pIC50_direct_inhibition,0.0385948550001558,2256,79
random,ecfp4_random_forest,4,CYP3A4_pIC50_direct_inhibition,1.0416350959999363,2256,79
random,ecfp4_lightgbm,4,CYP3A4_pIC50_direct_inhibition,0.4953621050003676,2256,79
random,endpoint_mean,4,CYP3A4_is_TDI,0.0015203129996734788,3489,95
random,endpoint_median,4,CYP3A4_is_TDI,0.0011057780002374784,3489,95
random,ecfp4_knn,4,CYP3A4_is_TDI,0.17741598300017358,3489,95
random,ecfp4_random_forest,4,CYP3A4_is_TDI,2.2065430630000265,3489,95
random,ecfp4_lightgbm,4,CYP3A4_is_TDI,0.6708245229997374,3489,95
random,endpoint_mean,4,CYP2D6_is_TDI,0.0007330560001719277,1465,32
random,endpoint_median,4,CYP2D6_is_TDI,0.00036092499976803083,1465,32
random,ecfp4_knn,4,CYP2D6_is_TDI,0.008339683000031073,1465,32
random,ecfp4_random_forest,4,CYP2D6_is_TDI,0.9651621190000697,1465,32
random,ecfp4_lightgbm,4,CYP2D6_is_TDI,0.34101813300003414,1465,32
murcko_scaffold,endpoint_mean,0,CYP1A2_pIC50_direct_inhibition,0.0006761699996786774,1383,29
murcko_scaffold,endpoint_median,0,CYP1A2_pIC50_direct_inhibition,0.00032465000003867317,1383,29
murcko_scaffold,ecfp4_knn,0,CYP1A2_pIC50_direct_inhibition,0.007250931000271521,1383,29
murcko_scaffold,ecfp4_random_forest,0,CYP1A2_pIC50_direct_inhibition,0.6609374970003046,1383,29
murcko_scaffold,ecfp4_lightgbm,0,CYP1A2_pIC50_direct_inhibition,0.37005190199988647,1383,29
murcko_scaffold,endpoint_mean,0,CYP2C9_pIC50_direct_inhibition,0.0006616690002374526,1257,28
murcko_scaffold,endpoint_median,0,CYP2C9_pIC50_direct_inhibition,0.000451771999905759,1257,28
murcko_scaffold,ecfp4_knn,0,CYP2C9_pIC50_direct_inhibition,0.00795320899987928,1257,28
murcko_scaffold,ecfp4_random_forest,0,CYP2C9_pIC50_direct_inhibition,0.7782177300000512,1257,28
murcko_scaffold,ecfp4_lightgbm,0,CYP2C9_pIC50_direct_inhibition,0.3410254890000033,1257,28
murcko_scaffold,endpoint_mean,0,CYP2D6_pIC50_direct_inhibition,0.0007111329996405402,1460,33
murcko_scaffold,endpoint_median,0,CYP2D6_pIC50_direct_inhibition,0.00039624800001547555,1460,33
murcko_scaffold,ecfp4_knn,0,CYP2D6_pIC50_direct_inhibition,0.009344998999949894,1460,33
murcko_scaffold,ecfp4_random_forest,0,CYP2D6_pIC50_direct_inhibition,0.81332989800012,1460,33
murcko_scaffold,ecfp4_lightgbm,0,CYP2D6_pIC50_direct_inhibition,0.3582814179999332,1460,33
murcko_scaffold,endpoint_mean,0,CYP3A4_pIC50_direct_inhibition,0.0010966849999931583,2260,75
murcko_scaffold,endpoint_median,0,CYP3A4_pIC50_direct_inhibition,0.0006825599998592224,2260,75
murcko_scaffold,ecfp4_knn,0,CYP3A4_pIC50_direct_inhibition,0.02619323799990525,2260,75
murcko_scaffold,ecfp4_random_forest,0,CYP3A4_pIC50_direct_inhibition,1.0337325079999573,2260,75
murcko_scaffold,ecfp4_lightgbm,0,CYP3A4_pIC50_direct_inhibition,0.44437301000016305,2260,75
murcko_scaffold,endpoint_mean,0,CYP3A4_is_TDI,0.0013789300001008087,3494,90
murcko_scaffold,endpoint_median,0,CYP3A4_is_TDI,0.0009491519999755837,3494,90
murcko_scaffold,ecfp4_knn,0,CYP3A4_is_TDI,0.04666665500008094,3494,90
murcko_scaffold,ecfp4_random_forest,0,CYP3A4_is_TDI,1.9968121060001067,3494,90
murcko_scaffold,ecfp4_lightgbm,0,CYP3A4_is_TDI,1.2597885269997278,3494,90
murcko_scaffold,endpoint_mean,0,CYP2D6_is_TDI,0.000821620000351686,1464,33
murcko_scaffold,endpoint_median,0,CYP2D6_is_TDI,0.0003757069998755469,1464,33
murcko_scaffold,ecfp4_knn,0,CYP2D6_is_TDI,0.00912759199991342,1464,33
murcko_scaffold,ecfp4_random_forest,0,CYP2D6_is_TDI,0.8716858839998167,1464,33
murcko_scaffold,ecfp4_lightgbm,0,CYP2D6_is_TDI,0.30819640899972,1464,33
murcko_scaffold,endpoint_mean,1,CYP1A2_pIC50_direct_inhibition,0.0006930059998921934,1370,42
murcko_scaffold,endpoint_median,1,CYP1A2_pIC50_direct_inhibition,0.00035243199999968056,1370,42
murcko_scaffold,ecfp4_knn,1,CYP1A2_pIC50_direct_inhibition,0.009726316000069346,1370,42
murcko_scaffold,ecfp4_random_forest,1,CYP1A2_pIC50_direct_inhibition,0.6003801179999755,1370,42
murcko_scaffold,ecfp4_lightgbm,1,CYP1A2_pIC50_direct_inhibition,0.6177436610000768,1370,42
murcko_scaffold,endpoint_mean,1,CYP2C9_pIC50_direct_inhibition,0.0007001970002420421,1250,35
murcko_scaffold,endpoint_median,1,CYP2C9_pIC50_direct_inhibition,0.00029406400017251144,1250,35
murcko_scaffold,ecfp4_knn,1,CYP2C9_pIC50_direct_inhibition,0.008540675999938685,1250,35
murcko_scaffold,ecfp4_random_forest,1,CYP2C9_pIC50_direct_inhibition,0.5980366779999713,1250,35
murcko_scaffold,ecfp4_lightgbm,1,CYP2C9_pIC50_direct_inhibition,0.2801521250003134,1250,35
murcko_scaffold,endpoint_mean,1,CYP2D6_pIC50_direct_inhibition,0.000683931999901688,1454,39
murcko_scaffold,endpoint_median,1,CYP2D6_pIC50_direct_inhibition,0.0003429370003686927,1454,39
murcko_scaffold,ecfp4_knn,1,CYP2D6_pIC50_direct_inhibition,0.012856699000167282,1454,39
murcko_scaffold,ecfp4_random_forest,1,CYP2D6_pIC50_direct_inhibition,0.7344859529998757,1454,39
murcko_scaffold,ecfp4_lightgbm,1,CYP2D6_pIC50_direct_inhibition,0.7204136870000184,1454,39
murcko_scaffold,endpoint_mean,1,CYP3A4_pIC50_direct_inhibition,0.0011573970000426925,2257,78
murcko_scaffold,endpoint_median,1,CYP3A4_pIC50_direct_inhibition,0.0006647830000474642,2257,78
murcko_scaffold,ecfp4_knn,1,CYP3A4_pIC50_direct_inhibition,0.02925093400017431,2257,78
murcko_scaffold,ecfp4_random_forest,1,CYP3A4_pIC50_direct_inhibition,1.0139253479997024,2257,78
murcko_scaffold,ecfp4_lightgbm,1,CYP3A4_pIC50_direct_inhibition,0.4939395900000818,2257,78
murcko_scaffold,endpoint_mean,1,CYP3A4_is_TDI,0.0012869419997514342,3493,91
murcko_scaffold,endpoint_median,1,CYP3A4_is_TDI,0.0008597969999755151,3493,91
murcko_scaffold,ecfp4_knn,1,CYP3A4_is_TDI,0.04891849800014825,3493,91
murcko_scaffold,ecfp4_random_forest,1,CYP3A4_is_TDI,2.174655798999993,3493,91
murcko_scaffold,ecfp4_lightgbm,1,CYP3A4_is_TDI,0.6615814420001698,3493,91
murcko_scaffold,endpoint_mean,1,CYP2D6_is_TDI,0.0009480399999119982,1458,39
murcko_scaffold,endpoint_median,1,CYP2D6_is_TDI,0.0004534939998848131,1458,39
murcko_scaffold,ecfp4_knn,1,CYP2D6_is_TDI,0.01032679099989764,1458,39
murcko_scaffold,ecfp4_random_forest,1,CYP2D6_is_TDI,0.9172103719997722,1458,39
murcko_scaffold,ecfp4_lightgbm,1,CYP2D6_is_TDI,0.3334744750000027,1458,39
murcko_scaffold,endpoint_mean,2,CYP1A2_pIC50_direct_inhibition,0.0007750189997750567,1375,37
murcko_scaffold,endpoint_median,2,CYP1A2_pIC50_direct_inhibition,0.00034645200003069476,1375,37
murcko_scaffold,ecfp4_knn,2,CYP1A2_pIC50_direct_inhibition,0.009031877999859717,1375,37
murcko_scaffold,ecfp4_random_forest,2,CYP1A2_pIC50_direct_inhibition,0.5893949000001157,1375,37
murcko_scaffold,ecfp4_lightgbm,2,CYP1A2_pIC50_direct_inhibition,0.31819227800042427,1375,37
murcko_scaffold,endpoint_mean,2,CYP2C9_pIC50_direct_inhibition,0.000650260999918828,1250,35
murcko_scaffold,endpoint_median,2,CYP2C9_pIC50_direct_inhibition,0.00030379899999388726,1250,35
murcko_scaffold,ecfp4_knn,2,CYP2C9_pIC50_direct_inhibition,0.007855262000248331,1250,35
murcko_scaffold,ecfp4_random_forest,2,CYP2C9_pIC50_direct_inhibition,0.6220600510000622,1250,35
murcko_scaffold,ecfp4_lightgbm,2,CYP2C9_pIC50_direct_inhibition,0.3596778470000572,1250,35
murcko_scaffold,endpoint_mean,2,CYP2D6_pIC50_direct_inhibition,0.0008169230000021344,1457,36
murcko_scaffold,endpoint_median,2,CYP2D6_pIC50_direct_inhibition,0.0005134040002303664,1457,36
murcko_scaffold,ecfp4_knn,2,CYP2D6_pIC50_direct_inhibition,0.010405931000150304,1457,36
murcko_scaffold,ecfp4_random_forest,2,CYP2D6_pIC50_direct_inhibition,0.7996924529998068,1457,36
murcko_scaffold,ecfp4_lightgbm,2,CYP2D6_pIC50_direct_inhibition,0.3406553909999275,1457,36
murcko_scaffold,endpoint_mean,2,CYP3A4_pIC50_direct_inhibition,0.0010622419999890553,2263,72
murcko_scaffold,endpoint_median,2,CYP3A4_pIC50_direct_inhibition,0.000940177999837033,2263,72
murcko_scaffold,ecfp4_knn,2,CYP3A4_pIC50_direct_inhibition,0.025750045999757276,2263,72
murcko_scaffold,ecfp4_random_forest,2,CYP3A4_pIC50_direct_inhibition,1.0046096229998511,2263,72
murcko_scaffold,ecfp4_lightgbm,2,CYP3A4_pIC50_direct_inhibition,0.43868820499983485,2263,72
murcko_scaffold,endpoint_mean,2,CYP3A4_is_TDI,0.0014770190000490402,3495,89
murcko_scaffold,endpoint_median,2,CYP3A4_is_TDI,0.0010510359998079366,3495,89
murcko_scaffold,ecfp4_knn,2,CYP3A4_is_TDI,0.04872291399988171,3495,89
murcko_scaffold,ecfp4_random_forest,2,CYP3A4_is_TDI,1.931200918000286,3495,89
murcko_scaffold,ecfp4_lightgbm,2,CYP3A4_is_TDI,0.6330543500002932,3495,89
murcko_scaffold,endpoint_mean,2,CYP2D6_is_TDI,0.00073791299973891,1461,36
murcko_scaffold,endpoint_median,2,CYP2D6_is_TDI,0.0003385610002624162,1461,36
murcko_scaffold,ecfp4_knn,2,CYP2D6_is_TDI,0.009005929000068136,1461,36
murcko_scaffold,ecfp4_random_forest,2,CYP2D6_is_TDI,0.9763428629998998,1461,36
murcko_scaffold,ecfp4_lightgbm,2,CYP2D6_is_TDI,0.6185987369999566,1461,36
murcko_scaffold,endpoint_mean,3,CYP1A2_pIC50_direct_inhibition,0.0007239230003506236,1383,29
murcko_scaffold,endpoint_median,3,CYP1A2_pIC50_direct_inhibition,0.000625263000074483,1383,29
murcko_scaffold,ecfp4_knn,3,CYP1A2_pIC50_direct_inhibition,0.007162677999986045,1383,29
murcko_scaffold,ecfp4_random_forest,3,CYP1A2_pIC50_direct_inhibition,0.6165153080000891,1383,29
murcko_scaffold,ecfp4_lightgbm,3,CYP1A2_pIC50_direct_inhibition,0.5816542130000926,1383,29
murcko_scaffold,endpoint_mean,3,CYP2C9_pIC50_direct_inhibition,0.0006829610001659603,1254,31
murcko_scaffold,endpoint_median,3,CYP2C9_pIC50_direct_inhibition,0.00037539699997068965,1254,31
murcko_scaffold,ecfp4_knn,3,CYP2C9_pIC50_direct_inhibition,0.007114864999948622,1254,31
murcko_scaffold,ecfp4_random_forest,3,CYP2C9_pIC50_direct_inhibition,0.7046361120001166,1254,31
murcko_scaffold,ecfp4_lightgbm,3,CYP2C9_pIC50_direct_inhibition,0.3418310400002156,1254,31
murcko_scaffold,endpoint_mean,3,CYP2D6_pIC50_direct_inhibition,0.000705383999957121,1463,30
murcko_scaffold,endpoint_median,3,CYP2D6_pIC50_direct_inhibition,0.000357830000211834,1463,30
murcko_scaffold,ecfp4_knn,3,CYP2D6_pIC50_direct_inhibition,0.007682882999688445,1463,30
murcko_scaffold,ecfp4_random_forest,3,CYP2D6_pIC50_direct_inhibition,0.8557613230000243,1463,30
murcko_scaffold,ecfp4_lightgbm,3,CYP2D6_pIC50_direct_inhibition,0.37506956299966987,1463,30
murcko_scaffold,endpoint_mean,3,CYP3A4_pIC50_direct_inhibition,0.001189895000152319,2251,84
murcko_scaffold,endpoint_median,3,CYP3A4_pIC50_direct_inhibition,0.0009685420000096201,2251,84
murcko_scaffold,ecfp4_knn,3,CYP3A4_pIC50_direct_inhibition,0.03232086800016987,2251,84
murcko_scaffold,ecfp4_random_forest,3,CYP3A4_pIC50_direct_inhibition,1.1554208729999118,2251,84
murcko_scaffold,ecfp4_lightgbm,3,CYP3A4_pIC50_direct_inhibition,0.533252229000027,2251,84
murcko_scaffold,endpoint_mean,3,CYP3A4_is_TDI,0.001713215000108903,3483,101
murcko_scaffold,endpoint_median,3,CYP3A4_is_TDI,0.001485851999859733,3483,101
murcko_scaffold,ecfp4_knn,3,CYP3A4_is_TDI,0.0606974860002083,3483,101
murcko_scaffold,ecfp4_random_forest,3,CYP3A4_is_TDI,2.170931040999676,3483,101
murcko_scaffold,ecfp4_lightgbm,3,CYP3A4_is_TDI,0.6357481109998844,3483,101
murcko_scaffold,endpoint_mean,3,CYP2D6_is_TDI,0.0007498820000364503,1467,30
murcko_scaffold,endpoint_median,3,CYP2D6_is_TDI,0.000418380999690271,1467,30
murcko_scaffold,ecfp4_knn,3,CYP2D6_is_TDI,0.008455207000224618,1467,30
murcko_scaffold,ecfp4_random_forest,3,CYP2D6_is_TDI,1.0073713390002013,1467,30
murcko_scaffold,ecfp4_lightgbm,3,CYP2D6_is_TDI,0.368584082000325,1467,30
murcko_scaffold,endpoint_mean,4,CYP1A2_pIC50_direct_inhibition,0.0019886800000676885,1368,44
murcko_scaffold,endpoint_median,4,CYP1A2_pIC50_direct_inhibition,0.0011054080000576505,1368,44
murcko_scaffold,ecfp4_knn,4,CYP1A2_pIC50_direct_inhibition,0.014305103999959101,1368,44
murcko_scaffold,ecfp4_random_forest,4,CYP1A2_pIC50_direct_inhibition,0.9515936150000925,1368,44
murcko_scaffold,ecfp4_lightgbm,4,CYP1A2_pIC50_direct_inhibition,0.4558759890001056,1368,44
murcko_scaffold,endpoint_mean,4,CYP2C9_pIC50_direct_inhibition,0.001836531000208197,1255,30
murcko_scaffold,endpoint_median,4,CYP2C9_pIC50_direct_inhibition,0.0005227389997344289,1255,30
murcko_scaffold,ecfp4_knn,4,CYP2C9_pIC50_direct_inhibition,0.008878525999989506,1255,30
murcko_scaffold,ecfp4_random_forest,4,CYP2C9_pIC50_direct_inhibition,0.9320671390000825,1255,30
murcko_scaffold,ecfp4_lightgbm,4,CYP2C9_pIC50_direct_inhibition,0.6188833320002232,1255,30
murcko_scaffold,endpoint_mean,4,CYP2D6_pIC50_direct_inhibition,0.0017497499998171406,1454,39
murcko_scaffold,endpoint_median,4,CYP2D6_pIC50_direct_inhibition,0.0005055830001765571,1454,39
murcko_scaffold,ecfp4_knn,4,CYP2D6_pIC50_direct_inhibition,0.03598934100000406,1454,39
murcko_scaffold,ecfp4_random_forest,4,CYP2D6_pIC50_direct_inhibition,1.0302461239998593,1454,39
murcko_scaffold,ecfp4_lightgbm,4,CYP2D6_pIC50_direct_inhibition,0.627308111000275,1454,39
murcko_scaffold,endpoint_mean,4,CYP3A4_pIC50_direct_inhibition,0.003459209000084229,2263,72
murcko_scaffold,endpoint_median,4,CYP3A4_pIC50_direct_inhibition,0.0015107389999684528,2263,72
murcko_scaffold,ecfp4_knn,4,CYP3A4_pIC50_direct_inhibition,0.09072845999980927,2263,72
murcko_scaffold,ecfp4_random_forest,4,CYP3A4_pIC50_direct_inhibition,1.8114629530000457,2263,72
murcko_scaffold,ecfp4_lightgbm,4,CYP3A4_pIC50_direct_inhibition,0.7122332630001438,2263,72
murcko_scaffold,endpoint_mean,4,CYP3A4_is_TDI,0.0020712850000563776,3496,88
murcko_scaffold,endpoint_median,4,CYP3A4_is_TDI,0.0009711749999041785,3496,88
murcko_scaffold,ecfp4_knn,4,CYP3A4_is_TDI,0.05188561699969796,3496,88
murcko_scaffold,ecfp4_random_forest,4,CYP3A4_is_TDI,3.4619802069996695,3496,88
murcko_scaffold,ecfp4_lightgbm,4,CYP3A4_is_TDI,1.1713056890002917,3496,88
murcko_scaffold,endpoint_mean,4,CYP2D6_is_TDI,0.0014770989996577555,1458,39
murcko_scaffold,endpoint_median,4,CYP2D6_is_TDI,0.0004270050003469805,1458,39
murcko_scaffold,ecfp4_knn,4,CYP2D6_is_TDI,0.01186191900023914,1458,39
murcko_scaffold,ecfp4_random_forest,4,CYP2D6_is_TDI,2.054825375999826,1458,39
murcko_scaffold,ecfp4_lightgbm,4,CYP2D6_is_TDI,0.8863120669998352,1458,39
