variant,fold,seed,term,training_sample_n,weighted_loss,encoder_gradient_norm,cosine_to_2D6_classification
independent_no_std,0,20260829,continuous_2D6,256,0.10876356158405542,0.22401940543241183,-0.13451485761365536
independent_no_std,0,20260829,continuous_other,256,0.38039135187864304,0.7905744884788494,-0.029763561658012642
independent_no_std,0,20260829,classification_2D6,256,0.14794261939823627,0.4469922699777362,0.9999999999999972
independent_no_std,0,20260829,classification_3A4,256,0.1008271872997284,0.31472218177175365,0.15745736425685478
independent_no_std,0,20260829,reportability,256,0.010223603225313127,0.04857144342050135,-0.016775619481050552
independent_no_std,0,20260829,all_except_classification_2D6,256,,1.0617578856186174,-0.004637348930241801
independent_std,0,20260829,continuous_2D6,256,0.12836853973567486,0.21613796592162987,-0.4013433897353609
independent_std,0,20260829,continuous_other,256,0.5152214914560318,0.6139062814595793,0.1477834054627754
independent_std,0,20260829,classification_2D6,256,0.22869320958852768,0.1489658238284665,0.9999999999999969
independent_std,0,20260829,classification_3A4,256,0.1367435995489359,0.20723101213407416,-0.05161211819443459
independent_std,0,20260829,reportability,256,0.013109513791278005,0.026905136129598356,0.15929633626682788
independent_std,0,20260829,all_except_classification_2D6,256,,0.6303583070575207,-0.0038551484716076467
paired_no_std,0,20260829,continuous_2D6,256,0.15303817950189114,0.14060589578688282,0.2511581189190712
paired_no_std,0,20260829,continuous_other,256,0.5276056528091431,0.5623603205413392,0.06630619898196478
paired_no_std,0,20260829,classification_2D6,256,0.25921524316072464,0.08762899404938324,0.9999999999999989
paired_no_std,0,20260829,classification_3A4,256,0.1567215546965599,0.26244221881128776,-0.16366618814518058
paired_no_std,0,20260829,reportability,256,0.015456666937097907,0.06387087402644692,-0.16230514636825388
paired_no_std,0,20260829,all_except_classification_2D6,256,,0.5847554662441079,0.032975832809663014
paired_std,0,20260829,continuous_2D6,256,0.1347220093011856,0.1133168487637426,0.0823595663239744
paired_std,0,20260829,continuous_other,256,0.5775309205055237,0.3774176264686118,-0.0705821520091132
paired_std,0,20260829,classification_2D6,256,0.2549649327993393,0.0730903711990753,0.9999999999999968
paired_std,0,20260829,classification_3A4,256,0.15696300193667412,0.1815870145305052,-0.036537621569603246
paired_std,0,20260829,reportability,256,0.012220922857522964,0.025226577531311887,0.22332838542932923
paired_std,0,20260829,all_except_classification_2D6,256,,0.45013964075012575,-0.04066997636407098
independent_no_std,1,20260829,continuous_2D6,256,0.18292549438774586,0.2115115782782684,0.16299673771011797
independent_no_std,1,20260829,continuous_other,256,0.5185770243406296,0.34803198792429646,0.312873641463843
independent_no_std,1,20260829,classification_2D6,256,0.22280635870993137,0.09367363711503036,0.9999999999999969
independent_no_std,1,20260829,classification_3A4,256,0.15672836638987064,0.19682419483560967,0.14672890136480743
independent_no_std,1,20260829,reportability,256,0.013473633211106062,0.03262076665606624,-0.02255194008078283
independent_no_std,1,20260829,all_except_classification_2D6,256,,0.5322871384939212,0.32221306236245756
independent_std,1,20260829,continuous_2D6,256,0.1639348492026329,0.21631851493874996,0.09495529911326736
independent_std,1,20260829,continuous_other,256,0.4764067456126213,0.34004845265826056,0.37897906451034913
independent_std,1,20260829,classification_2D6,256,0.22563714906573296,0.08048670451153793,0.9999999999999949
independent_std,1,20260829,classification_3A4,256,0.15247821621596813,0.24612868718703865,0.29797688114512305
independent_std,1,20260829,reportability,256,0.01450595655478537,0.07876245830613889,0.4113499826292828
independent_std,1,20260829,all_except_classification_2D6,256,,0.5818318419926202,0.4385312211805857
paired_no_std,1,20260829,continuous_2D6,256,0.1530812345445156,0.37585028875257703,-0.20977974877201624
paired_no_std,1,20260829,continuous_other,256,0.30064674466848373,0.4789756004489595,-0.11130715645978366
paired_no_std,1,20260829,classification_2D6,256,0.19249961525201797,0.137396583643992,0.9999999999999905
paired_no_std,1,20260829,classification_3A4,256,0.10601587686687708,0.16500843603625814,0.08807879198408283
paired_no_std,1,20260829,reportability,256,0.009950547013431787,0.03882717018492401,-0.004805545242782082
paired_no_std,1,20260829,all_except_classification_2D6,256,,0.7266045165170079,-0.1621405187851667
paired_std,1,20260829,continuous_2D6,256,0.19088809937238693,0.13356331123919982,-0.04722045661164505
paired_std,1,20260829,continuous_other,256,0.5896929055452347,0.5041320827136401,0.5610973205564079
paired_std,1,20260829,classification_2D6,256,0.25120775401592255,0.0805862035157243,1.0000000000000013
paired_std,1,20260829,classification_3A4,256,0.17251295782625675,0.12086709248976138,0.4270836459697764
paired_std,1,20260829,reportability,256,0.018633276224136353,0.05199738580739946,0.021546751908606977
paired_std,1,20260829,all_except_classification_2D6,256,,0.5934165508390185,0.5549238104640931
independent_no_std,2,20260829,continuous_2D6,256,0.19630663096904755,0.1098443695988407,0.1785487286579436
independent_no_std,2,20260829,continuous_other,256,0.7423421666026115,1.9585993369206336,0.1855508312537466
independent_no_std,2,20260829,classification_2D6,256,0.2159365899860859,0.045179464796664286,0.9999999999999888
independent_no_std,2,20260829,classification_3A4,256,0.1770785041153431,0.22836398296849322,0.2730231099723116
independent_no_std,2,20260829,reportability,256,0.01598050375469029,0.058559199797427894,0.05032479378724786
independent_no_std,2,20260829,all_except_classification_2D6,256,,2.197676408360148,0.20400088492790036
independent_std,2,20260829,continuous_2D6,256,0.17026735842227936,0.14241787559673832,0.5133178679593132
independent_std,2,20260829,continuous_other,256,0.665720745921135,1.0624476062871129,0.11352582122987266
independent_std,2,20260829,classification_2D6,256,0.21453749760985374,0.06434856060974901,0.9999999999999972
independent_std,2,20260829,classification_3A4,256,0.1713724285364151,0.18475791757617266,0.1878434342348973
independent_std,2,20260829,reportability,256,0.014005956007167697,0.027917631820615834,0.10172297412722554
independent_std,2,20260829,all_except_classification_2D6,256,,1.2130719300585513,0.19064516936426454
paired_no_std,2,20260829,continuous_2D6,256,0.05096620228141546,0.5831514807180357,-0.013237938210076999
paired_no_std,2,20260829,continuous_other,256,0.1080832201987505,0.7102960718799048,0.0895417242878618
paired_no_std,2,20260829,classification_2D6,256,0.07680717576295137,0.23396527889559698,0.9999999999999931
paired_no_std,2,20260829,classification_3A4,256,0.09540298581123352,0.13608089491833203,-0.0554715144388932
paired_no_std,2,20260829,reportability,256,0.01144361711340025,0.12395361013564563,-0.12307523664520909
paired_no_std,2,20260829,all_except_classification_2D6,256,,0.99686794507148,0.033181103573349774
paired_std,2,20260829,continuous_2D6,256,0.19333484396338463,0.17587622917037773,0.3851432963130218
paired_std,2,20260829,continuous_other,256,0.6892084777355194,0.9351486876758729,0.5447224194369762
paired_std,2,20260829,classification_2D6,256,0.2314010225236416,0.0494717728920099,0.9999999999999929
paired_std,2,20260829,classification_3A4,256,0.17744607105851173,0.20622865323358558,0.3505617631216285
paired_std,2,20260829,reportability,256,0.015334105119109154,0.06149522878501648,0.3377439306785722
paired_std,2,20260829,all_except_classification_2D6,256,,1.188989972734237,0.5636713027615209
independent_no_std,3,20260829,continuous_2D6,256,0.24724096804857254,0.23809542666563802,0.2509637165324687
independent_no_std,3,20260829,continuous_other,256,0.5242445394396782,0.23349600927466962,-0.053561458794873174
independent_no_std,3,20260829,classification_2D6,256,0.3389478772878647,0.05193390605138108,0.9999999999999957
independent_no_std,3,20260829,classification_3A4,256,0.16319707408547401,0.13635299972879486,-0.04630410049461619
independent_no_std,3,20260829,reportability,256,0.022533837240189314,0.03609716085629372,0.13489095449611285
independent_no_std,3,20260829,all_except_classification_2D6,256,,0.3926701967523973,0.11664344313622987
independent_std,3,20260829,continuous_2D6,256,0.2262926548719406,0.32310412670877775,0.4780532437093388
independent_std,3,20260829,continuous_other,256,0.46039149165153503,0.8729050680751518,0.19775362167535548
independent_std,3,20260829,classification_2D6,256,0.34392547607421875,0.0954210668827948,0.9999999999999962
independent_std,3,20260829,classification_3A4,256,0.15203903801739216,0.1371127816072902,0.17287114671163412
independent_std,3,20260829,reportability,256,0.0222682470921427,0.10148866757539689,0.31759131046279876
independent_std,3,20260829,all_except_classification_2D6,256,,1.1075596003306771,0.3458196534280883
paired_no_std,3,20260829,continuous_2D6,256,0.167789738625288,0.349051822803976,-0.25398109487427245
paired_no_std,3,20260829,continuous_other,256,0.33099931478500366,0.6030557718997379,0.08008215303938607
paired_no_std,3,20260829,classification_2D6,256,0.30030351504683495,0.11694249592779264,0.9999999999999964
paired_no_std,3,20260829,classification_3A4,256,0.1373200509697199,0.3169541788867468,0.011003547980816163
paired_no_std,3,20260829,reportability,256,0.012072076322510839,0.03153758432910466,0.03483508274973851
paired_no_std,3,20260829,all_except_classification_2D6,256,,0.6118739635999385,-0.058463550927477945
paired_std,3,20260829,continuous_2D6,256,0.16693918779492378,0.37797462684890903,-0.3278771615726217
paired_std,3,20260829,continuous_other,256,0.27455245330929756,0.6886802048018353,-0.014559232977715313
paired_std,3,20260829,classification_2D6,256,0.3064744919538498,0.1280692366098228,0.9999999999999923
paired_std,3,20260829,classification_3A4,256,0.13120205141603947,0.23574894067839633,-0.135961007307825
paired_std,3,20260829,reportability,256,0.0158187891356647,0.06243217462517937,-0.2218877939248199
paired_std,3,20260829,all_except_classification_2D6,256,,0.6883843704312054,-0.26128063334409213
independent_no_std,4,20260829,continuous_2D6,256,0.22072865813970566,0.1095265739949366,-0.5334640482446527
independent_no_std,4,20260829,continuous_other,256,0.7373384684324265,0.8114042794781238,-0.46847103807751417
independent_no_std,4,20260829,classification_2D6,256,0.19971581920981407,0.039762913887238155,0.9999999999999956
independent_no_std,4,20260829,classification_3A4,256,0.20149390399456024,0.1431254769713902,-0.3542978874540362
independent_no_std,4,20260829,reportability,256,0.03891095798462629,0.034083424041598614,-0.3158055361223357
independent_no_std,4,20260829,all_except_classification_2D6,256,,0.9642148838254023,-0.5185780588780665
independent_std,4,20260829,continuous_2D6,256,0.20531022548675537,0.09172644324228199,-0.39042819716093224
independent_std,4,20260829,continuous_other,256,0.7077407091856003,0.4845351478918328,-0.29849109797692996
independent_std,4,20260829,classification_2D6,256,0.19886326044797897,0.03444417279334436,1.0000000000000016
independent_std,4,20260829,classification_3A4,256,0.19878292083740234,0.16654977607497456,-0.3670388029015511
independent_std,4,20260829,reportability,256,0.03749799448996782,0.04858380779772295,-0.28805771233139715
independent_std,4,20260829,all_except_classification_2D6,256,,0.6199493759852153,-0.4122388037381486
paired_no_std,4,20260829,continuous_2D6,256,0.22569260001182556,0.0892182423994383,-0.3282763691686236
paired_no_std,4,20260829,continuous_other,256,0.7257325351238251,0.8132839987446896,-0.31887468109228007
paired_no_std,4,20260829,classification_2D6,256,0.22801173850893974,0.052706305921732,1.0000000000000002
paired_no_std,4,20260829,classification_3A4,256,0.21154315024614334,0.1669528276078617,-0.5028752648825418
paired_no_std,4,20260829,reportability,256,0.04023548448458314,0.03767006484891171,-0.10215222186036779
paired_no_std,4,20260829,all_except_classification_2D6,256,,0.9388913240539065,-0.400928664478938
paired_std,4,20260829,continuous_2D6,256,0.20417309179902077,0.09515481732356332,-0.4302430095107464
paired_std,4,20260829,continuous_other,256,0.6699328869581223,0.30168728102000103,-0.2755137018200991
paired_std,4,20260829,classification_2D6,256,0.22500639408826828,0.0679150308455408,0.9999999999999979
paired_std,4,20260829,classification_3A4,256,0.1936306245625019,0.1818359513885741,-0.34612704976282227
paired_std,4,20260829,reportability,256,0.03348209150135517,0.04257934876202639,-0.21912370538620365
paired_std,4,20260829,all_except_classification_2D6,256,,0.42849394762022464,-0.4581795419038482
